positive,negative,label
21.010,-23.130,0
31.160,-20.12,1
84.93,-22.25,0
13.37,-3.34,1
8.06,-0.99,1
3.50,-0.46,0
5.87,-3.68,0
26.26,-15.350,1
43.94,-18.670,1
10.05,-4.65,1
84.220,-39.910,0
58.200,-19.81,1
141.01,-74.510,1
17.18,-10.19,0
18.110,-3.890,1
9.48,-1.64,0
65.960,-22.920,1
32.98,-9.24,1
10.31,-5.70,0
30.17,-7.47,0
14.08,-33.030,0
7.98,-1.4,1
116.57,-39.93,0
28.16,-10.91,1
36.860,-12.88,1
40.670,-25.20,1
24.45,-8.04,0
17.970,-27.120,0
2.76,-1.58,0
35.95,-7.64,1
111.080,-28.78,1
84.220,-28.05,1
38.01,-33.500,1
43.330,-25.910,0
30.740,-8.960,1
17.10,-5.51,1
84.700,-21.410,1
68.370,-15.60,1
12.170,-1.43,1
2.73,-0.960,0
45.830,-93.63,0
22.78,-8.17,1
110.260,-63.68,1
5.74,-0.720,1
19.60,-29.92,0
14.400,-7.34,0
21.10,-20.640,0
1.76,-3.06,1
32.36,-22.94,1
75.55,-40.010,0
42.42,-11.16,1
6.39,-12.56,1
98.420,-46.730,0
9.98,-8.60,1
33.610,-29.260,0
50.270,-24.87,1
26.76,-21.490,0
20.650,-5.48,1
21.540,-7.83,1
21.150,-14.34,1
31.21,-12.17,0
74.080,-28.48,1
98.180,-26.24,1
16.79,-0.65,1
8.870,-3.00,1
33.490,-40.780,1
20.96,-11.980,0
20.95,-6.12,1
7.17,-2.97,0
23.880,-53.63,0
11.21,-11.99,0
14.87,-24.95,0
19.38,-5.96,1
25.87,-17.69,0
32.450,-11.69,1
9.91,-18.96,0
144.88,-55.43,1
7.26,-18.37,0
42.09,-32.980,0
13.84,-1.51,1
16.64,-10.440,1
6.35,-1.03,1
47.990,-63.510,0
17.13,-17.83,0
12.040,-10.510,1
228.430,-121.940,0
105.930,-66.590,1
84.690,-97.840,0
30.860,-9.91,0
8.20,-4.41,1
6.90,-2.05,1
61.21,-58.160,0
78.87,-27.23,1
9.55,-5.76,1
53.200,-39.06,0
69.94,-30.79,0
6.50,-7.76,0
64.370,-27.130,0
22.29,-6.88,0
35.700,-11.58,1
107.910,-36.060,1
56.36,-56.760,0
20.86,-4.230,1
47.32,-10.35,1
56.670,-63.480,1
179.950,-88.010,1
8.96,-1.35,1
37.64,-26.200,0
17.77,-5.44,0
4.98,-5.54,1
29.94,-14.99,1
4.81,-8.87,1
16.09,-17.88,0
18.010,-20.12,0
24.77,-8.80,1
20.20,-5.77,1
78.95,-32.41,0
19.09,-16.120,1
19.02,-5.32,1
11.68,-1.12,1
52.94,-38.88,0
55.680,-27.110,0
11.910,-9.90,0
3.720,-1.390,1
41.970,-40.850,0
5.99,-8.81,1
29.33,-10.07,1
8.67,-12.31,0
132.660,-47.20,0
72.340,-22.150,1
63.70,-71.970,1
7.15,-15.12,0
18.80,-9.41,0
2.25,-2.16,0
23.560,-14.120,1
26.46,-21.78,1
35.15,-36.46,0
30.42,-33.22,1
25.06,-23.95,0
29.750,-16.21,0
177.730,-91.610,1
23.43,-25.090,0
19.22,-8.10,1
49.670,-41.59,1
146.34,-54.30,1
70.510,-44.990,1
13.83,-21.80,0
19.60,-9.09,0
3.73,-6.060,1
7.650,-2.65,1
6.25,-11.030,0
57.95,-4.64,1
7.03,-0.52,1
82.680,-47.08,0
3.48,-4.000,1
32.280,-16.950,1
109.510,-41.220,1
35.81,-7.760,1
2.660,-7.65,0
2.00,-4.56,0
6.89,-6.280,0
4.85,-4.07,0
183.16,-63.520,1
5.76,-2.80,1
17.66,-19.33,1
4.53,-2.30,1
85.530,-63.200,0
30.55,-24.94,0
14.740,-16.550,0
93.880,-39.390,0
21.960,-13.720,0
70.76,-39.08,0
16.75,-5.68,1
62.14,-38.550,0
36.69,-48.65,1
85.120,-69.13,0
14.79,-8.77,1
36.250,-23.85,0
82.980,-44.640,1
3.790,-2.45,0
11.94,-4.460,1
21.780,-31.450,0
72.150,-16.91,1
19.58,-2.78,1
47.640,-14.13,1
18.49,-15.820,0
2.21,-6.35,0
5.93,-2.22,1
11.69,-11.65,1
1.15,-4.13,1
63.940,-27.56,1
6.32,-6.32,0
87.150,-42.650,0
0.15,-7.86,0
20.38,-1.36,1
21.470,-24.410,0
4.34,-3.27,0
8.02,-8.44,0
8.480,-3.43,1
44.510,-24.93,0
24.36,-24.17,0
23.12,-4.18,1
42.16,-16.250,1
7.750,-0.85,1
18.99,-8.49,1
41.160,-24.460,1
36.49,-24.04,0
2.59,-2.06,0
66.330,-16.27,1
38.830,-20.870,0
5.84,-1.13,1
3.84,-1.70,1
1.77,-6.86,0
97.600,-47.430,0
21.65,-12.570,0
46.350,-30.180,0
46.49,-6.59,1
121.31,-82.060,0
20.61,-24.670,0
10.43,-8.56,1
11.03,-2.35,1
13.76,-12.25,0
1.15,-4.24,1
116.650,-71.150,1
28.480,-25.710,0
15.75,-5.57,1
3.21,-2.31,1
183.890,-67.250,1
55.620,-15.64,1
10.410,-12.99,0
25.22,-15.220,1
1.28,-4.34,0
27.74,-18.41,1
23.120,-11.23,1
76.130,-71.380,0
19.67,-7.75,1
193.990,-112.420,1
75.34,-59.20,1
36.20,-46.050,0
33.18,-6.79,1
13.120,-7.04,1
26.86,-28.410,0
35.64,-9.91,0
74.47,-16.36,1
25.85,-7.900,1
28.110,-38.24,0
14.39,-7.01,0
17.780,-4.50,1
30.42,-27.090,0
42.84,-24.120,1
20.36,-11.05,1
78.100,-53.88,1
17.14,-8.09,0
69.860,-50.11,0
11.92,-12.79,0
37.60,-12.570,1
15.45,-11.83,0
13.56,-15.73,0
23.43,-18.200,1
0.590,-2.59,0
21.52,-9.94,0
83.550,-123.620,0
29.240,-10.580,1
18.26,-18.34,1
5.77,-11.13,0
15.56,-12.10,1
44.750,-51.56,0
27.270,-19.24,1
25.72,-32.440,0
22.54,-0.57,1
50.48,-58.60,0
40.47,-33.46,0
5.940,-14.85,0
31.99,-35.02,0
29.80,-8.80,1
7.390,-3.40,1
14.48,-17.290,0
10.48,-9.40,0
16.91,-19.33,0
29.08,-6.45,1
26.79,-5.760,1
100.970,-66.120,1
14.45,-15.05,0
0.4,0,1
24.320,-9.09,1
32.09,-3.51,1
23.18,-13.47,0
3.10,-1.12,0
26.15,-24.04,0
7.17,-6.81,0
19.48,-24.13,0
132.310,-66.680,1
25.80,-18.93,1
12.36,-4.59,1
11.730,-2.97,1
110.160,-27.44,1
14.020,-15.55,1
68.550,-37.58,0
29.270,-10.190,1
83.950,-120.580,0
10.45,-0.87,1
9.71,-15.76,0
6.48,-3.15,1
26.130,-15.80,0
84.160,-59.740,0
41.460,-34.43,0
13.50,-23.480,0
201.63,-132.490,1
32.47,-22.73,1
55.77,-30.490,1
148.300,-88.300,0
10.92,-0.58,0
48.41,-8.26,1
21.05,-13.39,1
22.00,-4.95,1
10.58,-0.96,0
124.460,-44.450,1
16.230,-6.32,1
52.62,-35.020,0
25.08,-6.23,1
50.00,-10.660,1
52.830,-35.750,0
31.230,-45.950,0
17.450,-12.71,0
8.09,-2.12,1
4.09,-0.41,1
5.16,-3.38,0
105.020,-69.910,1
49.770,-28.240,0
1.96,-4.33,0
33.18,-20.17,1
44.68,-2.93,1
33.77,-16.53,1
22.61,-17.45,0
22.02,-5.01,1
66.410,-14.30,1
7.08,-11.13,0
38.960,-25.20,1
9.01,-15.21,0
20.110,-6.410,1
2.25,-2.22,1
13.590,-17.83,0
22.540,-10.89,0
40.11,-8.260,1
154.200,-56.170,1
27.84,-37.50,0
37.250,-27.45,0
12.57,-2.09,1
40.47,-7.10,0
10.07,-23.98,0
5.84,-1.79,1
26.64,-13.07,0
27.030,-7.95,0
32.290,-29.500,0
30.780,-4.770,1
52.300,-44.74,0
12.74,-24.05,0
15.96,-17.730,0
3.89,-6.81,1
27.710,-25.30,0
30.40,-4.810,0
28.27,-24.33,1
155.62,-49.240,1
54.91,-27.45,1
24.80,-12.240,1
8.70,-0.84,0
13.44,-17.54,0
48.38,-56.960,0
54.130,-28.540,1
90.950,-56.450,1
126.950,-50.60,1
60.860,-29.480,0
3.23,-3.27,1
90.500,-41.610,1
11.890,-8.50,0
11.930,-8.85,0
3.53,-2.40,1
3.810,-11.30,1
21.70,-6.12,1
23.27,-9.57,0
37.08,-34.500,0
50.95,-37.250,0
3.62,-9.30,0
8.51,-10.020,0
13.54,-5.01,1
4.410,-0.5,1
13.020,-8.55,0
48.96,-16.010,1
21.90,-12.70,0
72.770,-52.230,1
23.090,-11.260,0
26.69,-14.580,1
126.69,-29.63,1
3.84,-17.290,0
18.53,-8.38,1
28.630,-17.17,1
25.170,-11.89,0
171.580,-101.720,0
14.62,-14.18,0
51.62,-4.90,1
20.03,-7.49,0
103.670,-15.64,1
45.69,-7.63,1
10.01,-2.86,0
32.84,-11.170,1
58.170,-29.23,0
20.77,-37.280,0
7.87,-2.58,1
16.22,-12.86,1
73.130,-38.710,1
2.67,-6.77,0
32.17,-12.82,1
15.19,-22.860,0
16.63,-10.00,0
116.400,-48.050,1
14.08,-22.730,0
29.56,-15.44,1
8.35,-6.880,0
22.70,-13.99,0
33.500,-9.58,1
37.49,-12.39,0
58.83,-58.350,0
58.890,-26.650,1
27.80,-9.030,1
164.110,-117.980,1
4.47,-2.62,0
8.88,-7.81,0
106.490,-69.36,0
65.78,-42.34,1
18.72,-6.220,1
31.01,-5.37,1
58.110,-51.20,0
59.19,-37.980,1
38.980,-55.890,0
269.920,-68.760,1
31.52,-18.04,1
50.51,-58.580,0
41.560,-23.480,1
126.250,-158.030,0
113.460,-34.60,1
70.60,-67.290,1
57.500,-41.78,1
111.000,-67.63,0
34.70,-4.48,0
127.370,-95.70,0
14.28,-1.170,1
38.73,-33.450,0
17.37,-11.21,1
66.870,-34.690,1
10.41,-2.53,0
55.970,-40.490,0
5.39,-8.39,0
46.36,-37.49,0
13.69,-23.820,0
8.72,-4.380,0
17.870,-9.02,1
2.35,-3.05,1
50.76,-49.130,0
3.57,-7.52,0
97.040,-37.170,1
24.070,-7.75,1
9.86,-6.76,0
5.13,-2.35,1
27.67,-26.50,0
31.330,-23.73,1
5.45,-10.90,0
10.87,-11.61,0
16.45,-7.33,1
35.100,-7.440,1
95.440,-66.860,1
15.360,-20.21,0
16.59,-11.81,0
9.43,-11.390,0
74.660,-49.31,1
164.740,-139.020,0
57.17,-44.780,0
25.88,-8.87,1
15.03,-8.46,0
61.950,-12.510,1
38.400,-16.44,0
50.03,-19.150,1
3.99,-9.30,0
83.220,-76.670,0
57.260,-29.750,0
8.25,-18.020,0
8.43,-2.27,1
5.61,-1.83,0
30.300,-32.940,0
79.150,-55.370,0
2.72,-4.32,0
2.90,-1.76,0
13.040,-11.620,0
13.97,-2.41,1
21.21,-12.000,0
81.34,-23.850,0
29.89,-9.26,1
12.30,-4.92,0
27.78,-0.60,1
13.58,-18.990,0
40.32,-47.83,0
70.800,-30.13,0
28.810,-5.73,0
6.57,-5.31,1
4.790,-2.06,1
70.180,-24.56,1
10.28,-3.17,0
43.870,-35.110,0
26.980,-11.620,0
28.03,-45.800,0
19.970,-32.40,0
13.69,-4.92,0
5.22,-2.430,1
7.81,-3.520,1
1.910,-5.36,0
52.96,-12.97,0
310.570,-102.080,1
108.720,-52.260,1
11.670,-5.45,1
53.87,-50.010,0
23.320,-23.130,0
6.27,-8.73,0
87.820,-75.900,1
22.500,-20.600,0
20.60,-15.44,1
23.86,-9.410,1
91.450,-80.670,0
82.800,-14.57,1
32.610,-16.10,0
5.50,-6.23,0
0.12,-3.96,0
34.600,-18.180,1
21.80,-10.42,0
3.12,-0.21,0
75.11,-25.440,1
14.10,-12.460,0
49.440,-49.580,0
19.620,-11.020,0
36.090,-31.050,1
21.100,-9.74,0
53.67,-21.760,1
48.440,-60.600,0
37.42,-9.630,1
33.990,-19.770,0
9.87,-4.010,1
46.08,-17.87,1
6.32,-2.45,1
88.460,-96.37,0
2.78,-4.75,1
10.20,-5.52,0
54.72,-45.230,0
13.060,-8.19,0
38.55,-25.57,1
15.63,-6.82,0
67.900,-38.55,0
22.71,-6.410,0
90.790,-89.560,0
31.39,-18.57,0
97.980,-59.790,1
25.85,-8.26,1
6.410,-11.34,0
17.160,-18.750,0
52.76,-15.44,1
17.470,-15.03,1
8.99,-19.890,0
44.240,-20.300,1
66.01,-35.80,1
109.780,-99.570,0
5.14,-3.37,1
64.360,-23.13,1
16.60,-12.56,1
9.66,-1.07,1
16.950,-27.66,1
87.77,-136.960,0
6.710,-0.88,1
14.940,-13.78,0
5.13,-0.1,1
139.640,-80.510,0
208.08,-94.650,1
10.35,-4.630,0
20.63,-13.23,0
47.460,-30.52,0
36.74,-27.93,0
10.80,-6.75,1
14.79,-6.32,1
177.290,-116.750,1
74.260,-74.400,0
35.78,-37.900,0
39.09,-13.780,1
72.69,-39.140,0
67.160,-49.260,0
144.250,-51.030,1
45.32,-35.540,0
0.26,-1.89,0
30.820,-19.940,1
65.71,-46.79,0
132.080,-91.480,0
32.33,-7.27,1
135.850,-48.140,1
37.410,-18.33,1
27.360,-15.01,1
30.46,-46.220,0
7.34,-2.54,0
2.41,-3.60,0
32.19,-26.060,0
13.18,-14.31,0
26.61,-11.05,1
23.56,-8.73,1
11.760,-9.24,0
11.440,-3.90,0
20.80,-8.910,0
204.430,-170.760,0
36.570,-33.76,0
145.530,-64.78,0
18.670,-16.130,1
4.43,-3.540,0
33.78,-15.11,1
0,0,0
47.02,-27.980,1
23.35,-8.170,1
99.12,-55.670,1
6.52,-0.69,1
16.30,-14.30,1
20.15,-17.91,0
78.170,-44.960,1
14.590,-8.95,0
30.900,-30.640,0
33.760,-13.85,1
26.71,-6.93,1
50.05,-45.370,0
11.000,-1.11,1
40.880,-9.830,1
5.99,-1.32,1
45.33,-12.38,1
58.83,-27.670,0
3.16,-0.46,1
34.96,-24.430,0
48.140,-55.740,0
28.41,-24.300,1
86.22,-66.630,0
6.29,-0.95,1
65.250,-24.760,0
18.02,-30.08,0
21.02,-20.33,0
12.64,-1.10,1
45.32,-34.700,1
46.89,-11.32,1
15.70,-11.68,0
1.45,-5.04,0
29.59,-8.90,1
1.76,-1.240,1
20.26,-10.350,0
20.25,-1.960,1
9.02,-12.29,0
11.31,-15.22,0
12.41,-0.98,0
46.860,-22.370,0
27.92,-12.780,1
31.58,-24.21,1
12.87,-4.390,0
41.07,-39.19,0
44.99,-25.20,1
11.33,-1.03,1
29.29,-6.41,1
31.050,-7.99,0
6.22,-0.78,1
25.69,-12.82,0
11.97,-11.510,0
10.29,-1.82,1
26.67,-12.70,1
53.34,-8.35,1
1.19,-3.34,1
9.58,-28.14,0
47.40,-73.53,0
26.20,-7.38,0
10.72,-4.56,1
32.810,-24.00,0
17.13,-1.97,1
22.940,-21.72,0
65.520,-47.800,0
12.39,-2.77,1
6.880,-0.29,1
20.23,-16.92,0
6.26,-1.51,0
44.950,-14.45,1
54.13,-20.73,0
13.770,-27.720,0
70.590,-60.170,0
3.520,-4.58,0
5.02,-3.71,0
38.16,-10.71,0
42.300,-64.090,0
37.38,-12.57,1
23.370,-8.32,1
27.93,-6.12,1
37.67,-5.45,1
10.19,-5.240,1
31.910,-30.64,0
13.41,-3.06,1
30.680,-35.80,1
35.49,-32.73,0
33.89,-20.250,1
21.59,-3.62,0
82.680,-36.450,0
20.95,-7.96,1
16.92,-26.82,0
22.16,-27.49,0
6.390,-5.84,1
18.84,-11.55,1
10.83,-11.54,0
29.300,-21.690,1
9.26,-10.730,0
4.510,-10.070,0
26.820,-30.94,0
108.790,-74.630,1
225.670,-92.970,1
66.850,-55.310,0
90.280,-68.510,0
38.410,-12.96,1
46.96,-40.47,0
30.38,-31.460,1
185.790,-75.780,1
13.480,-10.160,1
34.760,-52.630,0
48.000,-75.060,0
24.62,-7.76,0
25.230,-17.15,0
69.490,-14.85,1
5.40,-2.270,1
5.61,-1.90,1
28.880,-10.380,1
1.93,-14.22,0
13.13,-2.23,1
142.360,-52.460,1
10.01,-1.45,1
1.73,-1.620,1
15.04,-8.04,0
4.32,-3.33,0
96.320,-60.42,0
21.40,-2.57,1
16.83,-17.87,0
21.90,-15.12,0
27.950,-10.45,0
32.890,-5.240,1
24.46,-15.330,0
8.35,-2.84,1
13.750,-7.24,0
23.86,-29.460,0
18.35,-3.21,1
41.69,-38.380,1
43.33,-25.400,1
3.22,-4.14,1
52.540,-24.04,0
28.190,-14.750,1
16.910,-10.16,1
187.160,-65.050,1
21.370,-17.31,0
34.170,-12.51,0
55.89,-7.79,1
3.38,-10.73,0
64.010,-24.640,1
15.66,-2.75,0
52.41,-51.410,0
94.460,-15.570,1
7.01,-2.64,0
5.77,-0.47,1
60.13,-21.14,1
4.94,-4.300,1
11.14,-7.05,1
31.93,-23.68,0
4.13,-1.18,1
6.11,-13.00,0
9.07,-7.73,1
9.44,-10.08,0
52.42,-34.710,0
52.60,-12.63,1
162.950,-68.710,1
38.520,-24.380,1
7.740,-11.840,0
15.83,-8.74,1
66.420,-55.52,0
35.710,-30.430,0
90.140,-72.220,0
19.940,-15.54,0
43.72,-14.72,1
17.83,-16.530,1
116.450,-32.130,1
43.30,-24.360,0
5.820,-2.500,1
3.840,-2.29,0
9.860,-7.49,0
12.07,-11.93,1
13.310,-4.37,1
20.770,-5.40,1
60.060,-40.32,0
0,-0.38,1
24.680,-3.72,1
60.64,-27.44,1
9.86,-3.76,1
2.70,-3.64,0
23.08,-3.67,0
17.72,-12.81,0
13.84,-18.88,0
124.160,-51.300,1
57.79,-38.490,0
42.70,-6.14,1
0.88,-2.38,0
34.47,-5.47,1
13.630,-17.600,0
35.400,-13.710,1
6.82,-8.37,0
11.890,-9.26,1
60.740,-59.580,0
4.55,-13.52,1
53.870,-30.40,1
35.97,-31.16,0
29.560,-20.340,0
83.410,-15.420,1
31.040,-9.80,1
9.85,-11.93,0
1.00,-4.05,0
41.810,-14.30,1
42.17,-3.39,1
10.580,-3.95,1
29.100,-7.680,1
93.480,-48.300,0
17.260,-6.79,1
27.130,-9.07,0
22.46,-2.01,0
148.260,-67.210,1
62.590,-65.950,0
28.590,-3.52,1
118.360,-81.32,0
7.68,-4.70,0
10.73,-5.15,1
28.590,-12.180,1
43.910,-14.92,1
39.91,-5.42,1
4.70,-0.12,1
36.93,-4.82,1
9.37,-1.78,1
7.810,-1.26,0
11.32,-16.48,0
14.60,-5.40,1
57.130,-39.270,0
95.42,-45.480,0
255.230,-186.070,0
143.470,-69.760,0
32.720,-13.64,1
9.36,-7.48,0
99.900,-87.160,0
22.81,-24.31,0
9.320,-6.740,0
31.680,-34.43,0
23.27,-13.18,0
5.76,-1.97,0
28.240,-29.950,0
27.46,-24.88,0
45.290,-15.28,1
41.43,-35.34,0
44.86,-7.59,1
7.04,-5.24,1
41.15,-10.58,1
12.57,-15.03,0
11.05,-5.340,1
3.68,-5.85,0
14.08,-15.55,1
24.22,-7.49,1
9.31,-11.790,1
34.14,-56.840,0
28.09,-52.96,0
107.780,-58.880,1
5.07,-3.61,1
40.150,-12.680,1
29.130,-19.830,0
8.89,-8.94,1
23.17,-20.210,1
32.14,-14.660,1
20.01,-6.85,0
111.370,-49.220,1
5.06,-1.51,1
38.07,-27.83,1
63.14,-48.450,0
27.910,-12.690,0
113.830,-33.580,1
21.30,-22.070,0
86.730,-34.620,1
5.58,-7.26,0
58.74,-22.15,1
56.67,-10.16,1
7.240,-1.97,1
22.79,-1.89,1
14.00,-1.29,1
15.93,-19.950,0
16.460,-14.520,1
43.770,-9.74,1
17.66,-5.65,0
17.04,-18.500,0
28.15,-16.800,1
32.09,-26.140,0
69.940,-45.880,0
61.80,-18.74,1
9.190,-8.68,0
64.570,-34.530,0
38.38,-11.95,1
15.880,-20.850,0
28.43,-11.88,0
31.280,-20.610,1
9.67,-9.310,1
34.11,-26.33,0
77.100,-17.63,1
38.98,-32.01,0
28.98,-1.91,1
46.210,-42.930,0
25.650,-27.79,0
6.55,-3.72,0
167.27,-75.460,1
12.02,-4.54,1
58.850,-81.870,0
73.650,-47.700,0
6.340,-4.100,0
29.93,-5.45,1
10.32,-1.29,1
39.81,-14.61,0
46.32,-21.300,0
11.94,-6.07,1
71.25,-59.070,1
49.450,-50.130,0
54.68,-20.25,1
0.98,0,1
104.170,-42.360,1
0.83,-3.96,0
0.83,-1.21,0
269.670,-151.940,1
14.37,-12.64,0
9.410,-17.05,0
35.140,-13.860,1
6.48,-3.32,0
9.65,-19.630,0
133.56,-48.01,1
49.79,-21.98,1
2.56,-6.16,0
91.640,-38.120,0
9.61,-1.890,1
31.38,-22.60,1
78.000,-44.63,0
11.000,-11.04,0
17.890,-5.970,1
24.96,-6.32,1
2.50,-3.55,0
29.42,-23.54,0
45.640,-16.74,1
8.52,-2.52,1
17.050,-3.52,1
18.54,-4.83,0
27.77,-8.980,1
25.62,-5.63,1
10.74,-4.29,1
51.600,-66.690,0
10.99,-15.530,1
1.77,-2.58,1
11.05,-8.49,0
116.370,-69.810,1
11.48,-3.20,1
4.68,-4.00,1
5.91,-4.11,0
180.850,-80.860,0
10.330,-9.78,0
10.29,-18.74,0
259.670,-91.510,1
11.90,-1.03,1
26.26,-3.31,1
21.77,-8.04,1
8.52,-5.61,0
40.96,-25.83,1
11.27,-3.09,0
6.010,-1.80,1
1.60,-2.57,1
20.260,-14.370,0
22.790,-13.97,0
35.850,-42.24,1
33.910,-11.72,1
42.030,-55.630,0
18.05,-1.50,1
103.920,-44.630,1
60.86,-26.330,1
59.32,-38.85,1
9.66,-5.59,0
27.26,-11.480,1
17.97,-6.860,0
11.04,-4.42,1
60.090,-38.810,0
18.180,-22.66,0
39.870,-21.25,0
22.39,-22.76,1
14.28,-12.43,0
47.97,-27.770,1
62.83,-61.460,0
11.46,-11.32,0
25.32,-23.490,0
8.46,-3.010,0
48.440,-17.52,1
208.54,-69.350,1
68.140,-36.21,1
74.31,-22.870,1
10.50,-2.640,1
51.00,-12.99,0
21.76,-20.160,0
126.380,-126.670,0
14.070,-8.66,1
17.980,-6.28,0
37.66,-24.62,0
52.190,-32.86,0
15.41,-9.07,0
18.91,-36.51,0
12.40,-2.87,1
9.35,-2.71,1
327.730,-132.320,1
31.88,-28.890,1
16.960,-9.700,0
3.05,-6.34,0
45.29,-21.630,1
23.420,-30.24,0
9.81,-13.070,0
68.07,-38.660,1
28.61,-25.100,0
22.06,-24.14,0
4.10,-9.37,0
53.250,-28.85,0
31.77,-19.08,0
7.85,-6.37,0
114.24,-62.39,0
0.70,-10.45,0
8.090,-12.500,0
13.670,-7.12,0
18.87,-13.02,1
7.86,-4.94,1
75.400,-39.730,0
23.77,-32.52,0
11.62,-1.00,1
38.09,-25.73,0
10.68,-8.01,0
26.73,-4.350,1
47.50,-25.63,0
1.73,-2.92,1
11.910,-3.22,0
5.57,-4.25,1
57.170,-53.360,0
32.23,-11.20,1
37.68,-36.50,0
30.07,-18.39,1
58.080,-40.96,0
21.150,-13.10,1
3.70,-3.000,1
18.580,-3.67,1
10.13,-15.98,0
23.000,-27.180,0
14.38,-9.88,0
78.77,-92.360,0
80.140,-81.210,0
23.26,-6.10,0
33.56,-9.07,1
19.77,-1.65,1
19.68,-13.22,0
7.54,-2.11,1
248.840,-129.820,1
61.590,-40.93,0
3.890,-2.83,0
63.840,-64.18,0
9.59,-15.35,0
22.42,-5.94,0
11.370,-3.070,1
15.16,-19.17,0
64.480,-109.450,0
9.89,-1.30,1
23.60,-14.240,1
26.07,-11.420,1
98.49,-74.460,0
16.60,-26.220,0
133.600,-84.790,0
66.360,-13.80,1
44.79,-29.240,1
3.24,-0.21,1
33.76,-9.67,1
58.740,-21.010,1
23.97,-26.14,0
62.330,-43.890,0
5.37,-1.30,1
25.48,-5.61,1
98.98,-56.760,1
7.15,-3.47,1
3.63,-2.84,1
19.210,-14.250,0
81.650,-24.830,1
22.56,-19.760,0
7.82,0,0
29.35,-17.60,0
34.820,-27.89,0
1.48,-6.53,0
27.910,-38.85,0
6.510,-4.08,1
15.26,-11.280,0
45.93,-15.510,1
25.090,-22.68,1
14.37,-5.03,0
13.31,-2.070,1
43.260,-18.14,1
42.110,-15.16,1
58.12,-61.370,0
7.13,-2.30,1
258.350,-181.070,0
221.620,-201.450,0
14.970,-13.43,1
12.24,-24.68,0
124.980,-66.690,1
11.85,-23.910,0
72.080,-29.240,1
31.99,-32.660,0
63.51,-15.110,1
9.17,-15.66,0
11.01,-4.66,0
20.89,-15.05,1
79.900,-29.33,1
20.56,-24.970,0
114.690,-60.820,0
20.33,-9.74,1
67.82,-14.130,1
62.76,-35.650,1
2.99,-5.19,0
127.79,-49.33,1
231.150,-175.780,1
7.94,-1.33,0
10.44,-11.14,1
64.18,-69.900,0
155.720,-69.420,1
22.92,-71.16,0
26.62,-22.94,0
20.22,-4.080,0
87.21,-67.070,1
40.49,-36.21,1
30.20,-10.69,1
26.10,-31.85,0
61.530,-14.29,1
50.14,-26.71,0
6.02,-1.78,1
7.75,-6.080,1
6.93,-10.41,1
23.71,-12.84,1
23.060,-16.950,0
143.140,-129.360,0
25.45,-3.09,1
0.97,-3.25,0
42.43,-13.13,1
69.030,-37.60,1
13.77,-5.34,0
26.180,-15.76,1
10.010,-9.88,0
29.25,-32.45,1
24.77,-18.540,0
1.50,-1.15,1
96.220,-30.11,1
10.82,-4.07,0
5.20,-0.670,1
7.88,-10.410,0
13.98,-9.56,0
18.95,-5.32,1
36.99,-17.800,0
51.16,-30.440,1
17.63,-3.16,1
12.28,-7.430,0
27.93,-11.74,0
31.090,-15.40,0
100.570,-60.870,0
106.120,-51.71,0
6.27,-3.65,0
13.470,-9.71,1
38.39,-29.750,1
7.90,-13.99,0
28.97,-26.760,0
53.72,-39.83,1
96.58,-45.40,1
1.53,-6.59,0
6.420,-4.08,1
39.82,-21.650,1
90.08,-56.750,0
35.040,-14.08,1
40.28,-24.040,0
9.44,-10.92,0
304.960,-89.59,1
7.310,-5.30,1
14.01,-8.35,0
24.01,-2.94,1
38.740,-31.280,0
37.030,-19.83,1
54.59,-31.85,1
8.71,-3.17,1
28.29,-9.52,1
20.78,-7.36,0
1.61,-2.12,1
10.11,-3.84,0
78.750,-79.320,0
26.58,-14.47,1
30.220,-13.65,0
8.48,-8.86,0
73.970,-35.670,1
36.92,-19.940,0
4.64,-10.48,0
382.070,-280.600,0
18.47,-9.06,1
5.910,-8.44,0
18.64,-5.76,1
123.850,-61.890,1
94.850,-42.48,1
23.98,-11.390,0
16.60,-10.980,1
32.19,-6.07,1
20.39,-26.58,0
8.99,-1.260,0
0.51,-1.51,0
31.85,-20.45,1
97.720,-71.690,1
14.400,-0.74,1
18.66,-12.270,1
4.35,-0.42,0
104.760,-32.85,1
291.270,-233.940,0
41.280,-34.800,1
16.58,-11.13,0
21.820,-15.97,0
10.690,-10.920,0
4.700,-3.56,1
4.79,-3.96,0
171.260,-61.750,1
11.22,-12.18,0
235.880,-128.300,1
37.730,-38.440,0
5.11,-7.280,1
23.64,-18.74,1
45.53,-12.53,1
30.10,-13.76,1
6.310,-6.74,0
21.720,-16.35,0
26.29,-14.88,0
11.88,-7.92,0
15.42,-19.440,0
57.840,-35.190,0
154.910,-124.870,1
22.62,-20.00,1
64.96,-32.12,0
12.33,-21.70,0
10.95,-3.56,1
63.32,-35.72,0
175.450,-66.360,1
46.93,-19.98,1
50.40,-23.010,0
10.94,-9.65,1
70.630,-44.990,0
36.97,-10.64,1
41.27,-30.450,1
56.390,-41.27,0
70.460,-81.650,0
10.66,-28.47,0
99.09,-50.580,0
83.87,-38.01,1
48.99,-25.310,1
22.57,-9.590,1
9.71,-0.80,1
49.050,-21.800,0
8.20,-15.19,0
20.69,-25.54,0
7.630,-11.71,0
3.51,-1.08,1
84.90,-38.500,0
8.33,-14.88,0
35.42,-30.20,0
138.170,-76.710,0
27.92,-6.45,1
23.810,-21.860,0
52.080,-30.640,0
257.460,-126.800,1
3.78,-0.98,0
13.27,-12.57,0
12.600,-9.39,0
60.540,-27.620,1
16.85,-3.95,0
107.04,-19.930,1
28.87,-38.630,1
0.69,-3.40,0
26.49,-12.05,1
9.85,-12.38,0
19.91,-5.74,0
24.330,-13.280,0
21.810,-16.60,0
36.120,-34.95,0
13.78,-8.03,1
30.35,-32.510,0
19.28,-16.41,0
40.81,-10.690,1
14.040,-2.91,1
10.220,-1.39,1
6.79,-10.93,0
61.540,-32.31,1
23.83,-19.96,0
39.77,-23.070,1
17.21,-3.69,1
5.37,-9.55,0
6.59,-7.76,1
39.850,-23.570,0
33.11,-16.310,0
12.91,-8.21,1
114.960,-78.360,1
5.51,-16.02,0
64.13,-30.220,1
93.770,-22.530,1
5.82,-12.41,1
17.570,-27.100,0
2.35,-1.22,0
23.26,-7.960,0
13.96,-12.96,0
0,-4.66,0
3.99,-12.730,0
56.300,-14.37,1
37.35,-8.23,1
64.320,-44.720,1
18.260,-3.55,1
6.99,-6.33,0
38.05,-25.700,0
15.61,-1.15,1
17.120,-22.24,0
21.97,-5.850,0
3.70,-2.000,0
6.07,-27.22,0
6.46,-1.87,0
217.350,-117.410,1
11.71,-2.72,0
94.680,-74.89,0
9.09,-2.69,0
43.340,-40.930,0
10.33,-8.88,1
34.24,-31.79,0
72.550,-72.290,0
143.300,-86.920,1
13.020,-24.580,0
21.770,-20.04,0
3.380,-0.96,0
28.79,-7.30,1
8.45,-11.140,0
12.45,-16.54,0
14.77,-10.23,0
3.90,-2.52,1
24.670,-5.55,1
44.12,-26.36,1
24.30,-29.770,0
20.780,-9.23,1
2.43,-1.13,1
36.88,-10.88,0
29.65,-26.64,0
35.27,-7.29,1
17.700,-21.060,0
60.60,-33.400,1
11.510,-5.74,1
8.26,-5.050,0
27.56,-11.37,1
36.95,-47.420,0
24.24,-4.01,1
44.510,-27.83,1
49.64,-34.74,0
20.25,-11.24,1
1.090,-6.83,0
85.410,-33.420,1
4.40,-2.46,0
36.250,-43.32,0
17.99,-2.69,1
8.830,-8.760,0
9.94,-5.48,1
26.08,-30.73,0
33.900,-16.380,0
88.090,-33.080,1
32.97,-13.92,0
61.170,-40.690,0
59.35,-23.16,1
10.64,-8.640,0
194.620,-161.480,0
171.070,-144.810,0
18.65,-6.70,1
6.81,-7.90,1
35.81,-4.31,1
68.820,-37.13,1
56.98,-56.690,0
22.900,-17.890,0
24.520,-14.40,0
98.920,-61.560,0
25.930,-28.08,0
61.43,-21.09,1
0.87,-7.54,1
48.860,-20.060,1
111.660,-57.070,1
29.370,-16.55,0
4.34,-8.230,0
10.930,-18.33,0
3.03,-3.65,0
25.480,-26.90,0
0.69,-3.83,0
126.940,-90.07,1
16.37,-2.26,1
93.860,-52.350,1
90.880,-48.46,1
9.880,-5.600,0
31.470,-32.81,0
60.600,-46.310,1
55.730,-15.190,1
46.08,-7.63,1
5.07,-2.06,1
7.05,-6.36,0
2.27,-5.11,1
104.250,-27.72,1
22.11,-11.13,1
21.91,-13.23,0
8.33,-23.36,0
40.430,-14.92,1
35.520,-9.75,1
20.150,-26.28,0
47.040,-23.440,0
21.66,-14.940,0
20.51,-9.330,0
9.63,-25.06,0
49.36,-19.81,0
11.79,-18.38,0
51.340,-46.440,1
11.06,-8.80,1
53.99,-19.620,1
16.77,-22.57,0
50.290,-15.08,1
65.940,-47.910,0
36.10,-27.670,0
30.470,-17.920,0
217.970,-55.970,1
4.35,-9.46,0
59.500,-39.77,0
13.000,-2.09,0
40.940,-68.570,0
35.520,-56.68,0
20.50,-5.68,1
56.12,-29.79,1
45.010,-10.70,1
50.680,-15.05,1
20.87,-13.030,1
6.20,-7.54,0
10.10,-15.61,0
41.25,-12.50,0
61.700,-71.360,0
5.12,-3.67,1
6.590,-11.32,1
61.770,-55.90,0
34.34,-9.33,1
42.50,-14.37,1
75.820,-32.54,1
171.600,-119.240,1
42.650,-29.11,0
14.450,-2.540,1
31.11,-19.89,0
17.21,-28.800,0
19.380,-22.57,1
9.21,-9.34,0
10.73,-4.41,1
31.040,-21.71,1
44.39,-25.350,1
76.22,-34.88,1
25.19,-13.170,0
5.94,-4.10,0
9.47,-12.800,0
3.49,-1.71,1
11.55,-13.21,0
53.610,-8.010,1
40.45,-19.88,0
38.680,-19.610,1
8.50,-2.87,0
2.73,-0.96,1
1.560,-3.02,1
84.730,-53.400,1
6.59,-1.97,1
76.210,-77.530,0
53.480,-35.570,1
65.810,-28.59,0
37.990,-23.86,1
29.780,-25.900,1
50.630,-14.890,1
1.20,-2.88,1
4.06,-0.6,1
205.590,-104.620,1
28.39,-36.93,0
47.730,-9.50,1
5.85,-11.81,0
5.92,-2.83,1
72.640,-27.66,1
7.09,-8.60,0
41.250,-15.19,1
56.450,-40.410,0
65.400,-36.20,1
20.57,-19.950,0
10.890,-7.39,1
4.18,-4.63,0
2.52,-3.51,1
23.28,-18.070,0
22.47,-17.390,0
9.63,-4.73,0
39.46,-29.870,1
21.13,-6.07,1
43.090,-42.76,0
61.620,-26.15,1
1.15,-5.60,1
103.890,-54.77,1
109.31,-23.310,1
88.05,-42.390,1
78.21,-31.74,1
57.57,-15.36,1
50.35,-39.380,0
16.05,-8.88,0
5.87,-3.40,1
62.200,-33.310,1
89.730,-20.740,1
40.94,-28.33,0
34.840,-18.70,1
36.48,-29.90,0
2.260,0,1
6.54,-12.42,1
7.32,-0.80,1
7.53,-18.770,0
66.760,-18.17,1
42.70,-15.740,1
99.610,-60.020,0
2.77,-1.82,0
401.030,-310.970,0
10.140,-9.20,0
14.09,-10.49,0
146.040,-160.200,1
91.920,-69.450,0
49.910,-57.720,0
112.140,-40.950,1
4.02,-1.490,1
21.29,-14.430,1
4.13,-7.51,0
91.090,-32.350,1
38.90,-44.920,0
58.120,-31.250,0
16.890,-10.82,1
28.44,-20.95,0
57.72,-18.65,0
82.110,-41.440,1
18.220,-18.500,0
3.25,-7.08,0
10.860,-23.47,0
42.46,-32.250,0
111.85,-35.310,1
0,-0.950,0
48.98,-19.12,0
26.88,-27.590,0
24.010,-40.88,0
106.040,-80.230,0
30.430,-25.540,0
25.11,-20.260,0
5.680,-14.170,0
76.730,-34.320,0
46.510,-14.50,1
86.350,-45.990,0
39.940,-30.41,0
93.350,-84.930,0
46.890,-12.270,1
39.600,-25.75,1
22.82,-17.04,1
20.54,-18.73,1
112.280,-76.000,0
13.940,-2.220,1
68.540,-35.550,1
23.36,-23.46,0
48.050,-31.230,0
8.21,-1.93,1
67.65,-26.28,0
19.180,-20.66,0
116.240,-131.640,0
20.500,-51.51,0
21.39,-22.18,0
12.98,-6.660,1
24.15,-31.280,1
35.33,-15.43,0
10.25,-1.06,1
77.610,-40.020,1
49.910,-14.59,1
72.26,-13.860,1
37.09,-27.88,1
14.22,-4.39,1
108.980,-46.460,1
26.29,-42.08,0
93.250,-55.220,1
8.81,-3.70,1
15.18,-10.690,1
59.67,-56.43,0
45.52,-14.94,1
64.02,-106.64,0
28.32,-17.96,1
37.67,-2.20,1
52.64,-34.080,0
56.180,-47.700,1
61.510,-17.03,0
15.22,-16.91,0
104.13,-74.060,1
28.480,-40.86,0
74.430,-33.440,0
103.920,-44.630,1
22.900,-8.680,0
57.040,-41.870,0
127.46,-34.260,1
18.830,-11.44,1
48.690,-56.630,0
163.260,-71.590,1
55.460,-10.71,1
50.63,-26.540,1
58.850,-39.800,0
4.95,-4.63,0
16.17,-9.920,0
37.340,-20.38,1
206.640,-66.020,1
7.340,-4.97,1
10.01,-2.45,1
26.320,-15.850,0
8.27,-31.14,0
57.79,-20.24,1
15.17,-10.150,1
15.57,-4.700,0
50.56,-3.810,1
38.26,-27.61,1
24.05,-8.02,1
43.61,-24.81,0
45.57,-10.230,1
10.240,-2.15,1
20.930,-6.28,1
45.890,-28.640,1
22.71,-16.76,1
145.940,-120.090,0
26.41,-30.94,0
24.68,-23.57,0
165.630,-62.160,1
124.720,-63.480,1
257.370,-134.860,0
11.47,-4.30,0
3.50,0,1
12.210,-0.87,1
41.030,-17.15,1
18.28,-17.21,0
10.360,-23.220,0
11.860,-3.88,1
2.91,-1.98,1
109.040,-43.20,1
9.19,-5.67,1
13.40,-5.44,0
2.60,-1.41,1
10.40,-12.42,0
52.75,-19.70,0
2.23,0,1
20.63,-14.790,0
5.100,-8.850,0
43.68,-6.95,1
12.250,-14.360,0
27.56,-14.810,0
109.60,-59.570,0
52.09,-41.48,0
21.75,-4.33,1
98.240,-53.560,0
33.08,-7.520,1
29.50,-12.97,1
19.71,-6.290,1
36.420,-21.08,0
63.76,-43.800,0
33.540,-18.120,1
30.64,-19.000,1
77.570,-42.57,1
5.79,-9.71,0
40.210,-47.130,0
0.560,-2.80,0
8.62,-6.52,0
95.730,-67.870,0
20.83,-14.63,0
147.180,-156.050,0
9.07,-4.370,1
24.13,-7.34,1
30.39,-7.560,1
44.31,-11.27,0
4.87,-5.12,1
129.760,-80.720,1
233.260,-131.230,0
38.47,-15.97,1
21.71,-14.20,0
0.75,-6.92,0
177.150,-82.16,1
36.250,-7.660,1
5.44,-2.75,1
14.76,-5.830,0
4.17,-3.10,1
34.290,-16.13,1
115.940,-75.070,0
15.58,-12.01,1
85.99,-39.950,0
8.300,-15.05,0
29.780,-29.250,0
44.16,-27.73,1
6.82,-8.130,1
74.890,-66.720,0
37.16,-89.680,0
52.52,-47.710,0
10.03,-7.51,1
18.16,-23.700,0
61.320,-16.74,1
43.090,-32.700,0
31.21,-7.63,0
11.41,-6.62,1
14.610,-7.89,1
6.62,-5.14,1
12.04,-2.58,1
104.640,-69.560,1
55.760,-21.88,1
75.570,-111.370,0
10.13,-35.29,0
4.46,-3.55,0
19.710,-16.280,0
12.46,-7.320,1
24.57,-23.030,0
85.67,-77.370,0
26.77,-17.680,0
7.32,-1.42,0
13.87,-4.83,0
108.79,-60.240,1
19.30,-20.33,1
59.86,-27.260,1
25.390,-9.89,1
31.11,-5.71,1
19.39,-7.47,1
6.61,-3.89,0
64.920,-33.900,0
24.540,-5.40,1
17.42,-14.14,1
34.04,-31.04,1
49.080,-7.31,1
3.37,-12.55,0
28.530,-14.640,1
9.24,-7.600,0
12.79,-17.49,0
24.19,-1.51,1
10.31,-10.690,0
7.61,-2.90,1
196.090,-148.750,0
0,-0.37,0
43.86,-10.50,1
16.380,-19.45,0
1.34,-6.27,0
83.370,-66.110,0
20.22,-39.290,0
21.630,-17.34,1
40.20,-11.74,1
28.64,-17.53,1
104.500,-87.990,1
168.20,-40.12,1
32.91,-36.510,0
147.530,-90.520,0
38.88,-9.030,1
25.03,-10.950,1
32.540,-13.26,0
21.91,-12.91,1
41.87,-22.28,1
68.110,-19.160,1
3.21,-6.52,0
31.10,-6.01,1
45.200,-34.61,0
34.86,-42.190,0
27.36,-17.98,0
6.99,-0.92,1
118.70,-24.960,1
24.12,-16.34,0
66.600,-65.59,1
17.34,-0.94,1
168.240,-88.560,1
59.92,-18.59,1
6.770,-8.15,0
60.40,-39.38,0
8.870,-1.97,1
17.19,-6.93,1
31.64,-17.400,0
7.03,-0.82,1
22.600,-7.44,1
50.47,-28.600,1
5.12,-9.71,0
26.65,-25.790,1
15.81,-17.63,0
12.02,-3.170,1
36.490,-26.73,0
13.45,-15.640,0
18.690,-28.69,0
69.360,-12.14,1
62.17,-46.00,0
27.20,-40.030,0
16.69,-3.45,1
20.10,-7.850,0
16.17,-4.35,1
107.840,-37.95,1
12.150,-15.490,0
51.820,-35.26,0
32.08,-32.620,0
37.02,-21.03,1
118.480,-92.490,1
14.33,-6.250,1
3.120,-1.10,1
80.060,-28.61,1
9.590,-3.330,0
114.830,-108.180,0
14.10,-7.23,1
109.03,-26.30,1
0,-0.86,0
29.00,-19.68,1
32.41,-21.30,0
11.28,-5.09,1
8.99,-4.990,1
51.40,-2.71,1
19.330,-9.15,1
99.570,-93.37,0
36.59,-15.06,0
26.03,-27.360,1
45.44,-10.94,1
26.470,-23.47,0
49.660,-27.61,0
40.740,-7.36,1
12.60,-0.71,1
23.290,-11.220,0
7.15,-2.17,1
1.83,-9.03,0
71.22,-60.52,0
16.71,-15.97,0
26.18,-16.36,1
0.63,-1.38,0
18.29,-3.38,0
33.590,-18.79,0
12.48,-2.09,1
26.70,-8.260,1
86.950,-57.550,0
26.22,-21.23,1
42.340,-21.60,1
39.140,-9.89,1
39.85,-10.18,1
49.130,-29.150,1
6.60,-5.33,0
21.24,-4.84,1
12.490,-7.45,1
8.30,-0.42,1
3.21,-11.61,0
22.94,-15.080,0
41.71,-37.160,0
79.97,-30.680,1
13.460,-4.260,1
37.960,-11.30,1
282.710,-255.500,0
33.480,-3.43,1
45.370,-18.820,0
37.280,-26.96,1
144.550,-162.990,0
7.340,-19.09,0
40.64,-28.33,0
45.640,-19.720,1
57.90,-28.82,0
19.59,-4.97,1
31.23,-46.44,0
5.97,-1.05,1
8.01,-3.58,0
22.550,-28.500,0
17.46,-11.50,1
18.040,-41.520,0
44.780,-14.97,1
93.220,-52.030,1
25.39,-14.30,1
64.240,-33.690,1
10.000,-6.83,0
68.330,-43.810,0
84.040,-93.840,0
36.31,-23.78,0
32.15,-56.84,0
48.030,-46.980,0
142.270,-72.940,0
158.820,-137.980,1
23.02,-9.02,0
31.490,-7.970,1
22.18,-8.52,1
22.39,-16.92,0
2.810,-9.970,0
12.900,-19.730,0
7.97,-3.78,1
48.420,-22.470,0
5.17,-2.76,1
41.98,-8.80,1
88.170,-72.170,1
4.93,-4.70,1
23.55,-11.96,0
20.36,-2.74,1
17.92,-19.38,0
29.33,-17.86,0
19.72,-8.75,1
9.85,-4.79,0
22.020,-21.56,1
27.33,-19.95,0
42.370,-32.43,0
7.82,-9.33,0
94.520,-85.280,1
24.97,-14.07,0
31.330,-9.900,1
12.90,-5.31,0
7.02,-0.94,1
71.56,-14.070,1
33.95,-19.16,0
91.77,-49.880,1
14.790,-7.940,1
69.000,-37.85,0
32.070,-27.21,0
28.630,-18.15,1
25.990,-23.910,0
15.79,-23.940,0
24.82,-31.48,0
214.360,-54.260,0
34.270,-44.770,0
18.350,-20.39,1
38.51,-29.54,0
50.070,-10.28,0
6.53,-4.25,1
7.33,-2.39,1
17.16,-1.60,1
0,-9.21,0
14.64,-11.380,0
47.720,-19.67,0
102.840,-72.160,0
10.70,-5.92,1
15.66,-4.35,1
83.800,-24.400,1
1.13,-6.86,0
30.74,-3.410,1
221.820,-184.380,0
11.07,-13.07,0
76.410,-46.140,0
97.82,-24.040,0
1.90,-3.30,0
24.10,-10.02,1
14.380,-7.84,1
28.89,-21.89,0
16.970,-5.300,1
14.92,-1.45,1
44.960,-46.95,1
23.18,-9.55,0
18.02,-13.77,0
2.87,-6.46,0
38.060,-13.870,1
17.92,-13.11,1
29.670,-4.72,0
9.42,-6.74,1
50.10,-30.44,1
25.76,-20.88,1
9.73,-2.51,1
8.09,-1.24,1
13.17,-10.52,0
2.99,-1.13,1
0.880,-2.140,1
3.64,-1.91,0
11.50,-7.60,1
3.21,-3.280,1
63.62,-35.00,1
39.41,-23.94,0
10.220,-6.75,1
10.96,-18.45,0
8.64,-10.33,0
13.94,-0.61,1
16.740,-8.69,1
29.78,-5.42,1
19.85,-24.78,0
71.730,-58.72,0
14.87,-24.07,0
17.29,-21.64,1
54.090,-41.87,0
231.260,-97.64,1
19.39,-12.91,1
132.400,-68.69,1
71.420,-78.76,0
5.07,-5.12,0
1.87,-3.32,0
5.60,-1.150,1
74.100,-82.070,0
25.91,-2.17,1
10.06,-20.84,0
32.63,-14.35,1
15.66,-20.870,0
23.04,-28.740,0
58.18,-32.820,1
30.640,-8.340,1
2.250,-9.230,0
17.220,-14.920,0
30.26,-12.24,1
53.430,-82.710,1
50.06,-51.58,0
6.46,-17.84,0
28.810,-9.56,1
70.12,-60.200,0
55.08,-7.48,1
6.28,-2.56,0
27.630,-18.87,0
6.31,-6.87,1
14.48,-15.54,1
29.03,-4.31,1
17.180,-16.61,1
26.400,-26.170,0
33.45,-3.35,1
23.05,-14.99,1
24.320,-5.97,1
30.63,-14.33,0
35.250,-19.25,1
58.660,-28.830,1
4.22,-4.75,1
5.41,-3.62,0
58.89,-31.43,0
13.71,-6.190,1
118.00,-37.520,1
11.90,-10.400,1
60.06,-8.01,1
34.220,-25.11,0
5.39,0,1
77.240,-56.720,0
15.47,-9.810,0
51.780,-15.250,1
25.75,-21.46,0
49.660,-23.40,0
93.42,-86.92,0
42.73,-22.770,1
10.600,-20.65,0
26.41,-47.72,0
25.71,-24.050,0
15.530,-12.00,0
3.02,-2.51,1
26.44,-12.500,1
11.20,-15.46,0
26.41,-2.02,1
6.740,-1.57,1
16.30,-3.70,1
11.70,-1.33,1
7.00,-5.070,0
18.69,-39.70,0
16.45,-4.62,1
42.60,-14.81,1
23.26,-39.65,0
31.390,-51.03,0
10.83,-1.76,0
24.01,-21.140,0
151.870,-163.000,0
34.24,-16.67,0
197.460,-90.180,1
25.730,-14.98,0
6.87,-19.61,0
26.360,-13.72,0
20.96,-27.900,1
51.550,-74.640,0
10.30,-3.86,1
141.390,-44.170,1
15.56,-5.16,0
8.87,-1.95,1
124.100,-72.130,0
54.870,-28.80,1
71.800,-84.570,0
14.08,-6.56,1
12.96,-8.620,0
45.62,-12.54,1
4.84,-3.50,0
13.02,-12.32,0
44.900,-39.520,1
23.160,-18.34,1
15.17,-1.21,1
91.040,-80.160,0
1.60,-2.46,1
50.48,-39.42,0
29.29,-12.48,1
10.22,-1.45,1
31.70,-34.14,0
92.140,-65.050,1
44.73,-44.690,0
36.350,-17.20,1
61.170,-18.160,1
26.220,-16.25,0
31.880,-20.13,1
12.63,-3.02,1
51.230,-53.010,0
22.80,-12.58,1
187.280,-67.09,1
49.60,-22.60,0
70.910,-56.69,0
4.26,-4.70,0
84.140,-35.090,1
14.36,-1.72,1
22.870,-23.30,0
40.910,-20.720,1
5.88,-3.23,0
5.570,-1.32,0
23.20,-7.300,1
4.78,-3.06,1
61.12,-35.260,0
80.95,-45.750,1
36.38,-7.08,1
6.94,-9.770,1
8.37,-11.14,0
4.59,-12.36,0
50.830,-40.350,1
75.52,-40.730,1
1.120,-5.67,0
14.62,-5.660,1
17.13,-10.310,0
77.36,-29.770,1
33.630,-18.82,0
113.840,-77.480,0
50.49,-13.46,1
0.740,-2.870,0
92.440,-47.300,0
40.22,-22.470,0
20.09,-8.33,0
9.64,-1.83,1
22.54,-2.000,1
10.75,-3.21,0
75.88,-43.620,0
69.240,-38.660,0
64.820,-29.780,0
16.37,-2.21,1
99.290,-75.870,0
46.78,-13.52,0
32.09,-33.960,0
27.99,-2.36,1
4.42,-3.38,0
35.33,-19.52,0
8.18,-2.64,1
34.58,-0.59,1
13.61,-3.46,0
40.43,-8.79,1
6.17,-1.21,1
93.800,-60.270,0
169.63,-121.090,0
71.000,-22.850,1
106.610,-50.260,1
71.510,-38.210,1
135.200,-64.530,0
18.41,-13.920,1
60.920,-72.530,0
15.60,-17.61,0
57.300,-12.41,1
22.21,-7.97,1
10.17,-22.73,0
14.89,-13.56,1
29.040,-5.76,1
39.850,-8.64,1
22.320,-16.83,0
71.640,-11.150,1
60.790,-41.90,0
44.420,-48.80,0
76.610,-15.760,1
57.020,-21.730,1
12.97,-14.40,0
25.14,-16.96,1
42.000,-15.52,1
67.240,-105.950,0
105.810,-27.050,1
11.09,-2.95,1
40.540,-9.390,1
5.08,-3.24,1
24.91,-20.45,0
34.98,-6.820,0
16.07,-1.28,1
9.59,-8.92,0
12.27,-3.75,0
49.40,-39.240,0
12.75,-5.66,0
115.510,-69.290,1
11.38,-6.46,0
202.640,-108.740,1
15.26,-9.22,1
63.670,-27.450,1
59.54,-19.080,0
10.070,-10.790,0
22.400,-11.58,0
3.34,-3.09,0
43.21,-15.51,1
2.60,-6.50,0
30.58,-23.490,0
72.850,-33.640,1
19.00,-12.410,0
20.88,-1.03,0
23.94,-4.40,1
38.390,-40.600,0
75.000,-73.51,0
23.000,-8.49,0
15.48,-15.630,0
9.08,-8.78,0
109.62,-35.040,1
86.36,-26.750,1
119.790,-86.630,0
87.920,-31.430,1
33.20,-37.33,0
21.790,-15.980,0
18.55,-17.31,1
16.84,-2.00,0
70.020,-39.14,1
212.280,-64.820,1
46.940,-40.64,0
119.300,-86.080,1
41.09,-12.16,1
8.79,-3.89,0
20.870,-12.20,0
18.610,-10.470,1
16.120,-7.570,1
24.86,-18.82,1
28.11,-12.87,0
209.82,-79.660,1
9.18,-6.96,0
39.15,-1.90,1
22.61,-5.28,1
51.820,-61.17,0
7.57,-11.43,0
21.55,-20.01,1
10.340,-13.42,0
0.430,-7.27,1
167.770,-28.810,1
3.24,-4.270,0
55.610,-30.170,0
30.480,-21.090,1
4.52,-2.69,1
40.11,-14.33,0
8.07,-4.79,1
31.230,-10.37,1
11.92,-1.96,0
53.54,-21.85,0
4.59,-13.00,0
15.72,0,1
19.84,-16.930,0
22.94,-16.51,0
56.730,-12.60,1
18.81,-6.08,1
67.610,-19.500,1
18.33,-25.15,1
64.00,-34.530,1
18.54,-6.780,0
35.83,-29.71,0
52.690,-67.360,0
13.22,-1.61,1
50.75,-41.100,0
44.06,-28.180,0
38.75,-24.50,0
104.790,-44.060,0
152.980,-129.410,0
25.66,-18.50,1
13.07,-11.97,1
5.29,-1.71,0
8.11,-9.53,1
27.22,-21.820,1
16.79,-1.440,0
59.580,-22.960,0
44.670,-18.960,1
7.510,-16.55,0
11.260,-2.220,1
58.85,-55.500,0
28.78,-20.82,1
4.49,-10.37,0
45.760,-29.94,0
25.38,-3.40,1
32.17,-12.610,0
82.89,-52.420,1
93.290,-72.770,0
64.81,-41.44,0
14.39,-12.590,0
8.01,-1.99,1
13.25,-17.74,0
24.50,-18.45,1
10.51,-0.83,1
54.33,-43.87,0
29.780,-24.510,0
7.63,-4.26,1
23.75,-14.31,1
41.81,-32.33,0
70.01,-58.800,0
96.51,-62.260,0
15.26,-7.15,0
26.490,-15.12,1
7.79,-9.14,0
43.13,-17.06,1
15.11,-6.36,1
54.580,-24.57,0
67.010,-14.31,1
48.56,-25.210,1
10.870,-29.88,0
65.820,-30.14,1
45.83,-20.99,1
21.070,-43.300,0
8.18,-2.34,0
17.65,-10.66,0
0.690,-1.490,1
10.04,-21.13,0
71.54,-51.67,0
35.850,-48.610,0
71.20,-83.480,0
20.37,-12.35,0
49.730,-79.940,0
11.95,-1.57,1
85.030,-86.480,1
25.11,-30.440,0
25.03,-23.900,0
177.720,-84.550,1
169.030,-112.870,0
110.75,-101.880,0
29.17,-17.82,0
38.19,-25.160,0
193.340,-107.530,1
9.96,-0.25,0
44.06,-13.07,1
8.840,-7.27,0
13.51,-11.29,0
42.60,-15.35,0
57.93,-41.430,1
39.34,-11.050,0
28.09,-26.97,1
10.35,-9.72,0
12.62,-1.18,1
29.31,-10.52,0
78.070,-33.830,0
54.92,-45.800,1
18.370,-25.130,0
8.72,-0.480,1
52.050,-23.130,1
50.910,-84.240,0
158.400,-111.770,1
2.15,0,1
3.230,-10.00,0
40.91,-24.96,1
9.93,-13.52,0
75.820,-34.600,0
25.530,-47.250,0
25.24,-12.91,1
16.450,-6.89,1
64.27,-47.97,0
41.84,-54.390,0
13.30,-9.52,1
12.260,-23.580,0
32.900,-11.340,1
47.00,-10.38,1
24.00,-7.29,1
10.74,-11.38,1
193.980,-178.020,0
0.34,-3.890,0
17.75,-23.47,0
26.52,-4.19,1
20.31,-17.41,1
6.75,-1.90,0
97.83,-49.88,1
4.30,-8.58,1
20.16,-26.59,0
135.09,-94.900,1
19.38,-28.20,0
1.70,-2.71,0
6.38,-10.07,0
17.430,-13.620,0
41.980,-37.320,0
95.080,-63.490,1
8.37,-1.98,1
6.11,-5.77,0
56.190,-22.50,1
55.320,-7.59,1
10.93,-11.04,0
110.100,-91.110,0
22.540,-4.220,1
33.78,-7.70,1
61.56,-31.790,1
102.470,-53.960,0
81.54,-70.990,0
21.61,-6.730,0
8.75,-10.09,0
19.96,-7.66,1
21.08,-20.680,0
13.99,-12.18,0
14.65,-8.330,1
23.69,-5.49,1
6.17,-7.36,1
8.42,-5.980,1
57.240,-20.68,0
34.70,-24.21,1
16.040,-20.190,1
88.500,-50.340,1
56.750,-41.200,1
50.040,-10.30,1
25.79,-21.100,0
6.700,-12.530,0
127.330,-62.670,0
2.470,-4.83,1
41.67,-9.770,1
14.85,-18.72,0
0.37,-2.32,0
170.840,-154.550,0
36.16,-9.520,1
14.11,-4.79,1
13.21,-4.34,0
9.990,-1.35,1
42.63,-10.600,1
10.45,-5.26,1
113.400,-121.710,0
38.840,-45.150,0
38.980,-11.99,1
14.04,-1.22,1
213.840,-112.260,0
33.43,-27.400,0
19.260,-25.520,0
2.08,-5.08,0
19.48,-8.62,1
5.80,-0.33,1
39.62,-17.250,0
45.76,-23.62,1
4.65,-2.65,0
51.330,-31.300,1
14.76,-27.50,0
11.36,-6.52,0
19.490,-9.64,1
10.85,-12.45,0
39.610,-30.980,0
45.12,-15.24,0
41.97,-47.74,0
159.590,-101.450,0
92.700,-47.42,0
33.41,-12.63,0
83.56,-11.91,1
32.41,-33.780,0
21.950,-18.110,0
54.680,-65.37,0
139.260,-59.990,1
20.010,-7.64,1
47.650,-23.230,0
45.70,-8.02,0
30.200,-48.720,0
8.53,-8.82,1
70.49,-22.88,0
18.54,-7.71,0
24.15,-8.48,1
26.72,-33.560,0
132.910,-23.78,1
133.140,-104.040,0
6.38,-5.09,1
53.97,-37.10,1
34.55,-30.05,0
15.72,-8.56,1
75.420,-39.400,1
2.09,-1.87,1
8.160,-2.59,0
2.43,-3.43,1
127.830,-42.440,1
18.00,-20.00,1
13.690,-1.85,1
56.15,-66.770,0
48.590,-60.160,0
77.150,-35.640,1
87.630,-43.600,1
62.120,-50.040,0
11.69,-1.79,1
9.12,-8.06,0
18.01,-6.32,0
13.63,-4.75,1
83.57,-39.460,1
19.97,-5.970,1
40.26,-15.81,1
32.690,-39.850,0
57.600,-14.21,1
48.26,-22.260,1
2.380,-6.22,1
113.930,-76.570,1
55.960,-36.030,1
15.70,-9.490,1
24.41,-15.500,1
21.85,-10.65,1
69.150,-78.350,0
11.99,-6.870,0
97.91,-12.35,1
72.590,-19.02,0
3.37,-0.59,0
138.96,-148.060,0
19.350,-24.250,0
7.05,-5.28,0
25.030,-17.440,0
1.27,-5.80,0
26.220,-29.36,0
98.43,-12.500,1
40.480,-31.560,0
195.360,-204.140,0
15.10,-0.93,1
25.970,-9.96,1
42.15,-14.360,1
45.84,-53.730,0
101.590,-56.750,0
3.34,-0.55,1
5.14,-8.05,0
53.360,-40.74,0
213.790,-33.640,1
24.23,-13.77,1
44.220,-44.370,0
54.26,-28.810,1
84.610,-54.790,0
48.930,-33.53,0
68.460,-21.58,1
4.630,-4.870,1
2.79,-3.52,0
29.650,-6.640,1
35.81,-1.58,1
6.47,-9.18,0
19.56,-31.160,0
18.760,-17.30,0
17.140,-16.19,0
43.120,-26.130,1
3.03,-0.53,0
53.85,-8.81,1
47.510,-31.660,1
30.25,-8.900,1
59.48,-10.200,1
22.80,-3.44,0
58.15,-39.81,0
24.49,-27.560,0
16.32,-3.35,1
72.80,-26.210,0
28.67,-45.580,0
11.86,-8.37,0
26.81,-6.500,0
10.65,-9.02,0
133.220,-50.600,1
94.34,-56.42,0
75.430,-11.840,1
61.710,-16.520,1
39.44,-42.310,0
49.460,-32.280,1
109.590,-59.170,1
1.71,-3.09,0
60.05,-61.06,0
96.51,-64.28,1
90.300,-22.270,1
46.32,-17.67,1
11.82,-20.23,0
31.960,-27.410,0
36.030,-29.53,1
32.42,-12.380,0
40.15,-19.71,0
14.86,-4.400,1
7.23,-5.70,1
22.300,-5.47,1
14.79,-12.03,0
12.03,-3.25,0
134.890,-83.430,1
95.460,-22.26,1
26.76,-73.16,0
15.190,-33.73,0
21.85,-27.08,0
18.17,-1.180,1
36.270,-8.790,1
19.49,-13.02,0
121.850,-75.240,1
56.91,-24.680,1
49.590,-19.53,1
10.09,-0.77,1
43.880,-7.67,1
15.080,-21.65,0
14.27,-17.29,0
13.94,-5.01,1
29.030,-32.170,0
19.850,-15.80,1
128.130,-76.800,1
20.620,-4.33,1
30.85,-22.670,1
56.97,-27.60,1
62.35,-23.26,0
33.18,-11.360,1
4.99,-3.46,0
18.04,-6.66,1
12.810,-8.39,1
27.570,-35.42,0
6.240,-3.79,1
5.03,-0.78,1
66.68,-22.38,1
18.32,-2.51,1
17.850,-19.70,0
43.930,-13.37,1
45.520,-41.820,0
7.19,-2.40,0
5.960,-20.30,0
34.37,-38.170,0
27.81,-15.11,0
19.10,-5.97,1
27.33,-6.57,1
36.76,-5.160,0
12.76,-14.83,0
45.650,-39.480,0
4.45,-2.68,1
65.73,-38.150,1
13.69,-6.42,0
39.08,-15.20,1
21.32,-16.49,1
35.80,-37.770,0
8.78,-2.630,1
13.77,-1.13,1
5.20,-1.93,1
4.88,-1.39,1
14.60,-6.92,1
40.100,-18.82,1
32.760,-12.24,0
39.45,-20.96,1
59.03,-30.600,1
4.27,-0.38,1
11.250,-15.12,0
31.25,-37.49,0
47.350,-59.86,0
6.50,-15.370,0
26.820,-2.22,1
67.500,-27.620,1
66.070,-56.380,0
26.41,-20.67,0
35.20,-65.890,0
13.72,-5.19,0
19.880,-16.73,1
98.480,-61.010,1
24.360,-10.33,0
6.37,-3.47,1
25.63,-7.18,1
104.720,-46.890,0
8.160,-10.57,0
14.59,-3.63,1
54.32,-4.52,0
20.48,-8.11,0
595.570,-462.350,0
1.91,-2.74,0
11.01,-36.56,0
23.17,-3.12,0
2.72,-2.28,1
9.28,-7.970,1
19.770,-20.34,0
35.55,-32.500,0
35.31,-8.600,1
54.580,-38.54,0
82.080,-50.490,0
59.040,-36.440,1
15.23,-11.48,1
67.990,-25.72,1
68.850,-32.17,0
10.780,-6.730,0
53.160,-20.950,1
47.600,-11.40,1
58.19,-25.34,1
31.41,-5.33,1
4.94,-2.25,0
24.02,-9.060,0
36.580,-28.430,0
5.32,-15.930,0
15.43,-2.20,1
11.75,-2.620,1
11.54,-15.13,0
10.83,-9.65,0
37.530,-18.720,0
86.900,-38.500,1
23.41,-16.29,1
29.00,-25.610,0
37.37,-14.94,0
11.22,-12.74,0
128.130,-64.860,1
10.220,-12.65,1
59.570,-16.960,1
204.280,-68.390,1
25.760,-39.430,0
23.77,-5.47,1
63.120,-32.52,0
45.400,-20.54,1
14.61,-23.350,0
11.460,-11.430,1
34.970,-28.57,1
79.75,-5.74,1
53.51,-36.83,1
21.22,-7.710,1
6.57,-4.19,1
27.06,-3.92,1
5.05,-5.02,1
30.46,-22.640,1
23.42,-21.100,0
24.31,-27.880,0
11.65,-11.25,0
58.28,-13.780,1
50.84,-21.460,0
67.080,-25.680,0
24.310,-18.610,0
9.740,-3.300,1
88.980,-43.170,1
16.36,-2.24,0
27.08,-14.66,1
14.84,-5.75,0
7.74,-20.250,0
17.050,-4.550,1
24.87,-6.65,1
22.920,-22.03,0
51.97,-57.780,0
8.60,-11.98,0
30.460,-50.970,0
2.53,-6.26,0
98.470,-115.070,1
43.06,-5.27,0
148.820,-83.400,0
19.650,-22.90,1
19.99,-8.88,0
46.90,-25.81,0
38.400,-33.62,0
27.930,-21.890,0
28.980,-34.900,0
21.570,-12.97,1
19.18,-15.14,0
25.94,-42.56,1
27.48,-11.36,1
19.410,-11.300,1
8.09,-1.82,0
27.54,-11.49,1
20.590,-22.52,0
4.880,-0.71,1
21.51,-20.150,0
39.170,-22.000,0
142.610,-83.940,1
99.470,-44.600,1
58.050,-34.45,1
15.800,-11.940,0
16.65,-0.52,1
24.63,-28.52,0
27.19,-19.88,0
5.27,-11.73,0
32.660,-12.740,1
24.95,-2.91,1
24.830,-11.940,0
90.170,-34.640,1
65.420,-27.800,0
16.580,-13.89,0
30.11,-28.26,0
24.42,-10.09,0
10.390,-1.06,1
90.970,-85.090,0
71.30,-51.200,0
16.170,-4.51,1
22.460,-12.83,1
16.74,-6.17,0
24.63,-20.190,0
58.93,-43.430,0
28.96,-2.38,1
34.64,-11.81,1
41.480,-2.16,1
15.10,-5.070,1
22.63,-11.23,0
11.55,-13.20,0
0.85,-2.43,1
31.40,-26.03,0
17.18,-5.99,1
15.78,-1.06,1
44.51,-24.220,0
55.360,-32.03,0
6.47,-2.21,1
6.85,-5.79,0
15.39,-8.75,1
15.82,-12.64,0
24.43,-19.75,0
51.50,-12.32,1
32.520,-41.04,0
9.39,-5.64,1
4.18,-2.09,1
30.95,-21.42,0
24.58,-3.670,1
13.35,-26.66,0
6.41,-1.23,1
7.90,-3.550,1
42.92,-19.630,1
60.690,-41.560,0
39.940,-30.45,0
11.39,-10.73,1
32.410,-23.740,0
25.690,-29.49,0
3.88,-1.94,1
71.35,-32.120,1
19.89,-12.60,0
32.94,-1.500,1
23.160,-6.47,0
15.120,-2.420,1
59.67,-13.22,1
45.06,-35.25,0
103.820,-48.160,1
94.62,-56.090,0
57.250,-32.140,0
56.510,-29.320,0
6.940,-1.22,1
36.35,-10.750,1
11.96,-15.96,0
233.54,-93.52,0
6.04,-3.11,1
3.84,-5.12,0
4.59,-8.63,0
20.40,-11.28,1
40.25,-18.36,1
55.490,-15.71,1
24.07,-27.06,0
4.99,-2.270,0
53.600,-52.830,0
85.280,-90.570,0
153.350,-65.630,1
51.86,-4.79,1
199.470,-92.220,1
10.21,-6.82,0
218.310,-114.430,0
44.240,-49.910,0
54.370,-30.05,1
13.23,-3.46,1
292.560,-128.53,1
39.440,-22.43,1
36.32,-9.07,1
9.42,-11.64,0
54.000,-29.86,0
37.56,-14.71,1
48.57,-15.410,1
25.90,-8.83,1
88.060,-37.150,1
10.10,-31.76,0
45.410,-8.22,1
13.51,-9.33,0
7.50,-8.73,0
4.86,0,1
59.540,-30.320,1
182.580,-81.700,1
2.450,-1.95,1
3.30,-2.36,1
18.46,-24.66,0
12.04,-17.510,0
147.180,-151.940,0
187.89,-42.66,1
6.140,-5.730,0
85.110,-28.410,1
13.02,-2.61,1
78.700,-46.47,0
6.53,-0.51,1
100.200,-99.750,0
3.65,-2.27,1
13.32,-2.95,1
2.57,-1.590,1
10.750,-11.57,1
18.03,-13.170,1
14.92,-3.31,1
1.43,-3.86,0
31.28,-28.15,1
16.98,-7.860,1
18.200,-20.000,0
52.320,-48.480,0
10.75,-16.45,0
17.68,-4.61,0
57.11,-56.040,0
33.070,-17.77,1
63.37,-69.870,0
90.880,-48.20,1
321.250,-137.940,0
25.970,-9.85,1
76.81,-52.63,0
46.100,-17.860,1
95.530,-32.220,1
15.840,-4.28,1
19.85,-24.76,0
62.690,-46.680,0
25.460,-20.200,1
22.35,-3.50,1
14.75,-6.46,1
17.71,-13.99,0
56.20,-9.32,1
44.010,-14.420,1
16.64,-19.150,0
104.260,-53.28,0
29.480,-12.380,1
26.280,-28.86,0
16.39,-32.570,0
70.450,-32.97,1
5.72,-6.730,1
44.250,-19.25,1
46.64,-47.120,0
20.640,-26.140,0
42.260,-16.990,0
26.57,-17.31,0
8.150,-5.24,1
37.810,-9.04,1
22.37,-13.70,0
89.390,-38.51,1
85.04,-20.780,1
18.930,-29.190,0
24.33,-30.440,0
56.28,-10.56,1
33.86,-26.22,1
39.15,-22.55,0
27.31,-19.58,0
135.590,-83.630,1
171.990,-90.710,1
98.130,-32.050,1
25.23,-17.93,0
49.190,-17.19,0
8.650,-1.34,1
3.69,-1.70,1
28.00,-7.05,1
57.210,-63.600,0
8.650,-14.02,0
125.290,-73.75,1
30.82,-25.420,1
8.89,-6.06,0
26.76,-21.44,0
41.51,-17.100,1
100.790,-54.930,0
11.720,-25.11,0
52.770,-15.940,1
18.12,-17.53,1
29.73,-6.43,1
2.72,-16.47,0
49.61,-10.85,1
133.010,-34.590,1
191.640,-133.170,1
11.63,-12.41,1
78.79,-30.630,1
85.820,-51.430,0
34.26,-35.80,1
0.69,-3.09,1
69.04,-30.630,0
21.400,-8.11,1
40.450,-5.300,1
3.79,-5.32,0
10.290,-11.39,1
26.29,-21.08,0
45.57,-45.640,0
24.460,-19.64,1
27.050,-7.23,1
3.78,-1.27,1
61.93,-24.08,0
25.36,-19.15,1
63.29,-34.860,0
123.260,-68.350,1
11.21,-8.460,1
23.23,-8.78,0
28.090,-47.88,0
7.30,-1.66,0
50.27,-12.48,1
19.81,-12.04,1
72.39,-65.90,0
15.390,-14.66,0
94.30,-49.32,1
76.93,-24.250,1
108.850,-51.290,1
24.69,-6.71,0
12.61,-10.360,0
4.18,-4.48,1
4.48,-17.06,0
54.44,-41.190,0
52.720,-26.490,0
9.51,-11.21,0
20.45,-21.470,0
23.29,-7.02,1
21.93,-6.95,0
172.220,-96.740,1
11.32,-14.33,1
1.26,-0.77,0
4.00,-10.18,0
92.960,-73.870,0
6.35,-5.32,0
14.80,-23.71,0
15.460,-20.15,0
17.37,-31.150,0
5.14,-1.72,0
67.890,-37.760,1
36.84,-5.53,1
18.09,-3.73,1
6.35,-7.43,0
18.09,-9.81,0
9.140,-12.39,0
24.50,-17.67,0
7.78,-7.31,0
117.100,-47.650,1
56.080,-31.66,1
24.71,-17.13,1
11.93,-19.82,0
3.97,-5.12,0
7.77,-7.02,0
163.450,-65.28,0
13.00,-3.22,1
39.19,-27.01,0
26.99,-20.52,1
33.41,-13.67,0
88.920,-37.340,0
21.21,-7.79,1
15.83,-6.61,1
50.38,-14.73,1
33.42,-7.29,1
67.26,-39.160,0
35.79,-6.31,1
94.830,-42.980,1
34.55,-33.23,0
5.45,-5.26,0
46.81,-14.90,1
18.460,-3.67,1
6.840,-6.29,0
8.690,-11.61,1
25.030,-15.19,0
28.07,-10.85,0
9.92,-19.29,0
29.10,-45.880,0
54.94,-66.540,0
29.220,-13.750,0
71.610,-60.670,1
60.070,-84.31,0
12.05,-3.46,1
36.33,-6.10,1
161.91,-37.840,1
8.34,-11.09,0
41.920,-39.280,0
114.230,-68.320,1
34.41,-19.49,0
24.00,-6.630,0
71.620,-39.920,1
24.91,-23.960,0
116.58,-48.890,1
36.66,-10.170,1
22.38,-37.570,0
152.440,-139.320,0
9.35,-15.57,0
60.34,-69.100,0
109.140,-112.460,0
17.55,-25.540,1
42.29,-7.80,1
13.86,-12.99,1
37.390,-17.27,0
72.390,-19.13,1
59.43,-35.93,1
15.11,-3.30,1
32.70,-12.31,1
0.84,-1.35,0
34.86,-19.240,0
94.220,-124.510,0
56.21,-51.68,0
329.100,-247.380,1
8.53,-3.42,0
4.51,-3.21,1
32.49,-14.25,1
26.620,-4.740,0
35.21,-13.930,1
12.99,-2.25,1
22.50,-16.31,0
5.750,-12.24,0
80.90,-24.110,1
50.120,-10.19,1
19.29,-33.89,0
17.30,-6.20,0
2.63,-0.32,1
34.28,-5.82,1
18.36,-8.18,1
82.870,-28.02,0
204.250,-116.080,1
18.67,-17.88,0
5.09,-8.94,0
39.150,-18.820,1
39.94,-8.37,1
17.84,-13.33,0
49.72,-27.680,1
29.770,-13.310,1
132.130,-58.94,1
90.970,-72.430,1
66.01,-14.990,1
60.900,-34.300,1
22.20,-5.73,1
44.88,-15.97,1
16.64,-3.74,1
27.31,-25.660,0
26.42,-29.330,0
41.02,-6.580,1
19.66,-43.21,0
10.890,-14.360,0
48.51,-11.57,1
15.020,-12.930,0
33.93,-30.940,0
11.45,-25.470,0
25.13,-10.82,0
31.52,-3.71,1
63.44,-28.64,0
8.28,-2.54,1
33.60,-16.66,1
6.68,-8.610,0
40.810,-40.100,0
42.68,-15.200,1
39.87,-13.19,1
2.75,-5.53,0
19.420,-6.700,1
84.440,-24.230,1
14.62,-8.75,0
34.690,-34.450,0
5.26,-6.580,0
62.430,-27.450,1
0.36,-3.61,0
32.49,-28.35,0
87.82,-30.62,1
22.210,-18.95,1
68.990,-15.32,1
18.730,-12.830,1
31.450,-12.51,1
3.81,-9.17,0
60.970,-15.650,1
12.100,-0.33,1
22.00,-21.560,0
14.07,-10.26,1
11.460,-13.420,0
6.85,-5.930,1
42.22,-28.29,0
54.51,-91.640,0
20.460,-4.170,1
8.340,-1.89,1
8.730,-1.800,1
14.73,-8.11,1
38.120,-25.360,0
21.32,-13.11,1
83.470,-40.680,0
62.56,-27.380,1
21.65,-5.38,1
22.61,-23.940,0
62.96,-27.530,0
17.160,-14.520,0
7.43,-0.20,1
19.78,-9.36,0
21.11,-19.22,0
6.13,-4.84,1
70.21,-37.99,0
84.54,-12.030,1
6.96,-1.78,0
321.110,-140.600,1
79.260,-30.50,0
21.55,-17.15,0
3.98,-6.08,0
10.60,-16.300,0
18.060,-18.860,0
23.980,-5.130,1
5.180,-8.96,1
23.23,-3.82,1
13.65,-11.250,1
37.38,-35.27,0
29.08,-13.35,0
54.820,-11.920,1
15.80,-9.11,1
26.81,-24.39,0
11.07,-34.84,0
3.59,-3.37,0
0.78,-1.31,1
24.39,-6.860,1
35.93,-42.600,0
118.410,-63.14,1
699.250,-304.240,1
31.430,-26.43,0
14.92,-5.99,1
52.73,-28.710,1
7.80,-9.67,0
15.380,-22.680,0
124.760,-74.430,0
10.26,-5.740,1
13.95,-25.60,0
104.21,-93.180,0
16.99,-13.12,0
42.90,-25.170,1
37.030,-24.15,0
9.98,-4.87,1
13.020,-18.93,0
8.33,-6.90,0
45.560,-49.820,0
36.19,-11.940,1
29.57,-31.26,1
57.35,-10.76,1
10.860,-6.30,0
2.83,-8.91,0
18.82,-5.83,1
17.40,-22.43,0
40.96,-7.46,1
46.02,-34.600,0
49.660,-24.70,1
15.81,-9.50,1
35.06,-18.56,0
336.610,-86.860,1
19.93,-7.69,1
41.380,-24.050,1
53.800,-26.360,0
17.52,-1.15,1
10.55,-4.400,1
8.05,-8.37,0
31.86,-4.71,0
6.57,-4.11,1
1.67,-3.48,0
26.69,-18.110,1
19.92,-26.61,0
81.41,-10.51,1
40.23,-19.68,1
19.06,-6.74,0
8.35,-0.6,1
133.490,-147.350,0
118.06,-86.880,1
61.00,-19.170,0
1.63,-0.87,0
35.500,-23.640,0
88.850,-43.630,0
167.680,-80.870,1
16.80,-8.83,0
0.24,-0.66,1
99.67,-60.310,0
38.300,-74.940,0
26.17,-21.05,1
37.31,-26.640,0
62.430,-73.520,0
12.12,-3.30,1
52.880,-9.860,1
20.05,-19.480,0
4.50,-14.170,0
20.090,-2.28,1
51.68,-13.74,1
68.620,-131.650,0
59.420,-25.590,0
46.000,-56.670,0
47.950,-30.16,1
26.630,-14.41,0
25.89,-6.23,0
12.380,-18.78,0
32.77,-38.260,0
50.16,-11.370,1
31.020,-16.210,1
82.250,-46.710,0
12.43,-21.28,0
5.43,-2.12,1
27.13,-0.71,1
2.24,-7.900,1
10.48,-6.72,1
4.300,-2.07,1
72.480,-76.450,1
9.81,-7.84,0
28.17,-52.31,0
52.23,-6.170,1
11.15,-20.460,1
0.83,-1.56,0
43.39,-11.97,1
32.86,-6.43,1
112.35,-131.200,0
172.610,-92.740,1
97.860,-59.62,1
6.52,-18.25,0
32.53,-8.74,1
32.65,-25.35,0
12.240,-0.64,1
10.25,-3.56,1
21.690,-12.76,1
11.09,-15.090,0
93.010,-34.930,1
97.190,-19.700,1
45.00,-18.78,1
6.50,-12.56,0
17.85,-6.39,1
22.370,-27.910,0
62.89,-51.73,0
6.79,-0.75,1
42.610,-28.520,0
50.700,-17.54,1
2.80,-4.96,1
7.53,-5.30,0
72.510,-28.530,1
16.83,-20.73,0
56.49,-44.710,0
14.02,-9.630,1
29.81,-4.01,1
30.640,-42.070,0
4.71,-2.42,1
38.36,-6.53,1
51.720,-31.270,0
22.740,-13.53,1
7.64,-5.300,1
15.39,-6.84,1
17.97,-8.460,1
78.060,-41.620,1
9.77,-6.77,0
12.87,-4.61,1
40.87,-14.800,1
19.57,-13.80,0
185.030,-94.590,1
4.53,-0.82,1
42.14,-38.590,0
5.340,-3.39,1
21.32,-5.53,0
84.390,-117.070,0
11.29,-9.93,1
60.690,-56.880,0
25.07,-8.45,0
2.74,-2.27,0
36.230,-51.150,0
14.330,-8.11,1
5.24,-5.01,1
26.58,-3.71,1
171.650,-74.720,0
48.57,-23.160,0
41.620,-24.500,1
9.47,-1.16,1
45.710,-34.35,0
46.49,-20.170,1
15.70,-15.25,0
117.070,-27.130,1
14.240,-7.23,1
121.350,-95.520,0
17.990,-8.710,0
54.59,-3.760,1
15.66,-2.39,1
46.03,-18.39,1
16.19,-8.740,0
17.86,-17.860,0
24.540,-17.930,1
1.42,-6.67,0
80.730,-37.150,1
16.390,-8.16,1
39.00,-30.400,0
23.710,-5.030,0
19.200,-6.850,1
2.310,-4.32,1
23.95,-2.07,0
20.240,-6.96,1
35.040,-47.46,0
17.440,-14.540,1
80.320,-65.290,1
15.06,-1.70,1
32.33,-24.010,0
20.52,-10.40,0
45.520,-17.330,0
15.59,-9.28,1
6.47,-9.60,0
50.780,-11.02,1
64.290,-50.150,0
94.540,-113.200,1
79.490,-53.950,0
64.84,-13.060,1
16.93,-2.73,1
69.29,-77.760,0
15.62,-17.27,0
19.41,-17.900,0
11.60,-0.36,1
57.530,-16.21,1
92.770,-35.92,1
50.77,-46.37,0
53.690,-22.66,0
8.10,-1.63,0
26.46,-19.03,1
125.650,-38.290,1
2.51,-3.62,1
9.72,-8.470,0
4.29,-13.220,0
13.000,-16.14,0
7.43,-3.44,1
14.03,-17.960,0
85.86,-85.770,0
22.82,-12.88,0
3.48,-7.760,0
17.95,-5.22,1
89.470,-48.78,0
33.36,-13.330,0
116.320,-44.680,0
3.72,-2.82,1
20.46,-12.38,1
35.90,-32.690,0
61.170,-16.19,1
20.15,-9.410,0
52.80,-25.24,1
108.320,-96.610,0
13.25,-3.48,1
9.28,-1.500,1
110.56,-33.300,1
19.06,-6.300,0
13.770,-11.91,0
18.38,-10.45,0
23.820,-6.57,1
36.540,-29.310,0
25.29,-10.960,0
5.12,-5.650,1
24.06,-24.150,0
49.35,-7.630,1
14.48,-7.67,0
10.990,-5.560,1
37.17,-18.210,1
114.33,-31.800,1
107.61,-26.48,1
51.09,-24.740,1
34.11,-26.33,0
13.230,-11.04,1
13.88,-5.61,1
36.390,-16.03,1
61.92,-25.55,1
38.040,-32.860,0
66.550,-49.230,0
38.05,-18.900,0
14.80,-14.340,0
10.820,-13.820,0
27.26,-34.020,0
28.56,-23.72,1
77.84,-30.53,1
96.62,-70.820,0
56.08,-16.800,0
21.33,-18.45,0
43.160,-38.840,1
19.720,-4.060,1
29.970,-48.640,0
32.62,-6.22,1
10.64,-10.24,0
11.81,-1.85,1
15.36,-17.76,0
219.690,-146.720,1
23.070,-20.310,0
69.060,-44.550,1
50.800,-20.810,1
18.13,-12.21,1
20.31,-14.92,1
15.52,-3.28,1
56.820,-22.040,1
35.44,-10.90,1
48.980,-26.220,1
10.46,-3.78,1
30.11,-3.19,1
21.40,-15.460,0
91.920,-51.820,1
6.26,-6.96,0
18.830,-18.220,0
21.200,-18.09,0
35.15,-16.320,0
27.08,-21.090,0
164.170,-18.730,1
80.150,-18.160,1
23.320,-37.260,0
213.320,-76.980,1
6.47,-0.41,1
39.99,-12.110,0
5.52,-8.21,1
33.35,-56.28,1
81.810,-48.40,1
51.37,-21.660,1
12.53,-19.37,1
55.920,-57.700,1
5.08,-4.120,0
23.75,-17.000,0
15.23,-3.06,0
20.11,-23.58,0
45.49,-20.66,0
26.410,-27.47,1
17.79,-9.58,1
42.34,-36.640,0
10.31,-9.29,1
147.220,-37.070,1
83.570,-67.500,0
7.170,-7.58,0
22.370,-28.520,1
49.58,-17.81,1
78.090,-38.420,1
116.47,-117.550,0
60.62,-42.21,0
5.33,-6.84,0
54.160,-69.89,0
14.920,-34.360,0
12.50,-3.73,0
15.500,-31.40,0
49.340,-15.660,1
318.580,-130.330,1
1.790,-1.84,1
21.28,-1.77,1
52.260,-12.32,1
1.83,-3.83,0
24.270,-6.140,1
70.640,-58.560,0
39.49,-12.990,1
8.96,-2.62,1
19.16,-4.720,1
43.540,-35.720,0
313.160,-108.980,1
12.46,-39.70,0
15.140,-21.22,0
11.76,-7.69,0
10.51,-5.02,0
15.34,-12.280,0
3.28,-2.27,1
6.14,-11.64,0
41.720,-55.340,0
88.060,-31.490,1
218.150,-92.860,1
122.750,-64.060,0
17.98,-8.81,0
17.74,-4.20,1
18.610,-20.51,0
49.140,-65.020,0
36.600,-11.78,1
1.35,-3.28,1
7.73,-16.45,0
28.650,-29.740,0
23.180,-11.92,0
4.02,-4.37,1
12.17,-2.18,1
11.29,-2.25,1
21.93,-8.25,0
11.31,-0.32,1
172.310,-75.920,0
15.86,-10.210,0
32.84,-35.47,1
82.820,-35.140,0
24.31,-5.36,1
13.70,-10.460,1
13.63,-15.81,1
12.93,-7.72,1
35.29,-44.160,0
30.82,-20.400,0
13.09,-17.75,0
33.59,-15.42,1
39.14,-33.590,1
79.490,-38.33,1
17.08,-5.11,0
21.88,-12.54,1
7.47,-3.09,1
3.32,-8.60,0
190.680,-43.610,1
46.20,-20.100,0
20.59,-15.63,0
46.14,-46.41,0
47.810,-26.24,1
15.24,-4.32,1
19.84,-13.640,0
19.150,-3.70,1
72.510,-44.270,1
52.77,-25.64,1
18.97,-3.08,0
31.830,-8.07,1
38.290,-19.100,1
49.95,-48.750,0
7.21,-2.48,0
71.060,-24.31,0
64.210,-43.370,0
3.72,0,1
43.07,-4.86,1
11.35,-12.39,1
16.08,-6.57,0
44.41,-19.19,1
296.500,-107.670,1
7.07,-2.39,0
34.650,-19.28,1
51.290,-32.250,1
1.050,-9.50,0
8.26,-3.78,1
83.680,-28.130,0
102.260,-56.960,1
36.31,-26.890,0
30.190,-6.21,1
12.64,-2.57,1
40.470,-25.16,0
49.040,-31.470,1
57.670,-47.83,0
24.34,-8.73,1
25.530,-20.510,0
21.290,-21.580,0
19.00,-34.060,0
17.75,-12.410,0
6.92,-14.60,0
166.840,-88.380,1
37.890,-28.500,0
62.37,-28.770,1
8.16,-16.83,0
64.34,-19.27,1
20.97,-1.74,1
8.76,-6.81,0
76.940,-36.590,1
6.33,-2.98,0
159.820,-166.280,0
63.020,-37.690,1
43.84,-26.660,1
51.050,-49.83,0
74.050,-68.870,0
3.32,-3.41,0
70.99,-49.490,1
23.000,-27.08,0
12.22,-9.84,0
81.70,-54.780,1
190.87,-124.000,0
19.04,-25.790,0
3.62,-12.34,0
2.37,-11.04,0
116.96,-49.740,1
28.09,-22.840,1
8.62,-10.81,0
13.71,-11.28,1
12.90,-20.63,0
32.72,-28.370,0
19.29,-5.170,1
20.23,-8.29,1
16.07,-2.99,1
21.150,-10.58,0
27.030,-7.50,1
53.24,-12.34,1
41.73,-21.82,1
65.15,-19.90,1
55.640,-22.650,0
31.75,-23.26,0
38.820,-21.28,1
19.56,-10.73,0
31.11,-23.72,1
69.290,-44.060,1
65.61,-9.61,1
53.90,-53.540,0
50.990,-41.400,0
128.300,-98.27,1
72.520,-32.96,0
20.22,-11.210,0
33.320,-27.640,0
21.900,-20.860,0
66.220,-18.34,1
32.030,-8.12,1
9.23,-15.06,0
16.08,-9.85,0
9.31,-3.39,1
49.300,-39.36,0
44.550,-18.81,0
17.15,-7.79,1
21.870,-25.46,0
40.50,-13.280,1
98.780,-100.450,0
57.650,-30.300,0
6.68,-13.40,0
100.410,-81.240,0
119.140,-87.600,0
2.77,-2.84,0
4.56,-7.600,0
30.72,-10.37,0
81.370,-40.190,0
34.850,-11.68,1
8.62,-10.130,1
17.67,-8.60,0
113.190,-71.130,0
30.650,-24.140,0
18.71,-10.89,1
71.760,-22.310,1
13.120,-14.160,0
38.71,-9.450,1
27.15,-30.230,0
37.830,-9.880,1
31.470,-13.720,1
105.470,-40.540,0
17.65,-1.74,0
52.52,-14.56,1
5.150,-1.70,1
30.380,-11.600,0
37.62,-35.650,0
15.16,-9.08,0
26.94,-19.22,0
9.890,-16.30,0
13.38,-7.46,0
13.97,-5.200,0
8.86,-7.41,1
66.330,-29.70,1
12.49,-19.47,0
22.63,-25.190,1
9.03,-9.60,0
40.77,-29.980,1
56.980,-29.600,1
14.16,-10.76,1
62.050,-35.72,1
166.930,-131.120,1
28.25,-29.770,0
3.03,-3.73,1
4.37,-6.43,0
3.84,-1.78,0
24.700,-9.99,0
43.64,-11.55,1
42.160,-26.98,1
205.190,-98.300,1
50.41,-46.670,0
71.75,-27.59,1
49.19,-7.44,1
7.34,-19.27,0
19.78,-7.01,1
55.48,-29.720,1
29.85,-24.790,0
51.270,-78.170,0
9.98,-4.56,1
89.460,-55.950,0
20.12,-0.90,1
10.86,-18.38,0
12.08,-2.660,1
36.17,-17.42,1
20.26,-11.92,1
18.95,-5.59,1
26.95,-11.55,0
1.30,-4.20,0
48.21,-45.150,0
39.76,-14.03,1
31.15,-27.16,0
93.290,-58.660,0
5.05,-1.20,1
1.96,-0.76,0
49.940,-30.280,0
13.16,-7.36,0
0.97,-4.46,0
36.720,-19.48,1
28.76,-13.81,1
99.38,-22.32,1
7.77,-5.28,0
37.860,-11.130,0
5.890,-3.47,1
21.26,-12.01,0
21.75,-17.69,1
12.640,-12.780,0
58.82,-7.150,1
24.51,-5.35,1
36.860,-7.93,1
29.46,-16.350,1
36.02,-19.590,1
7.94,-8.750,0
67.64,-6.91,1
192.540,-105.730,1
28.44,-25.580,0
1.770,-4.17,1
5.53,-2.12,1
198.400,-87.930,1
35.220,-7.88,1
6.11,-11.34,0
22.78,-4.72,0
15.57,-12.33,1
3.53,-13.780,0
16.93,-1.07,1
19.760,-2.07,1
11.620,-17.85,0
24.88,-19.10,0
39.920,-16.44,1
85.870,-69.640,0
32.33,-19.61,1
21.05,-14.250,0
14.26,-7.27,1
22.540,-22.120,1
20.69,-5.30,0
1.79,-5.41,1
110.22,-56.41,1
42.530,-26.270,1
19.360,-15.33,0
4.70,-1.330,0
53.060,-14.570,1
83.860,-56.980,0
34.43,-11.83,0
24.040,-13.210,1
2.91,-0.64,0
29.770,-12.78,1
40.990,-20.210,1
29.62,-7.65,0
126.260,-88.600,1
47.78,-21.380,0
20.82,-11.53,0
9.850,-2.24,1
47.43,-17.810,0
21.82,-1.01,1
75.260,-36.630,1
78.80,-22.080,1
39.97,-5.88,1
13.89,-2.35,0
32.170,-34.80,0
70.95,-8.830,1
28.54,-12.30,0
7.860,-1.350,1
33.580,-38.850,0
4.04,-14.99,0
40.760,-28.150,1
5.47,-6.30,0
25.230,-16.960,0
49.28,-12.370,0
23.34,-17.40,0
86.980,-108.970,0
41.74,-16.87,0
3.330,-2.63,1
13.46,-10.510,0
10.75,-13.580,0
22.42,-5.68,1
31.81,-17.01,1
56.410,-23.130,1
41.500,-22.650,1
45.410,-7.380,0
71.500,-69.87,0
175.070,-78.71,1
18.77,-2.14,1
10.17,-5.18,1
39.380,-17.91,1
3.33,-3.43,1
1.94,-1.43,1
50.95,-61.320,0
12.51,-7.70,1
13.43,-1.95,1
160.930,-125.980,0
9.91,-0.54,1
53.380,-23.40,1
9.84,-9.41,0
6.460,-8.98,1
10.25,-7.020,0
82.48,-78.050,0
52.800,-82.900,0
19.03,-8.18,1
31.82,-38.55,0
2.26,-0.47,1
9.19,-19.60,0
22.89,-15.30,1
14.03,-12.03,0
32.85,-26.09,0
2.95,-1.52,1
11.88,-2.71,1
18.30,-5.48,1
8.44,-1.2,1
33.16,-27.690,0
46.870,-28.40,0
87.290,-30.730,0
93.650,-29.460,0
6.02,-6.40,1
33.02,-9.120,1
22.43,-25.65,0
20.920,-11.390,1
1.76,-4.33,0
0.37,-0.98,1
43.68,-19.94,0
29.030,-31.17,0
17.060,-10.960,1
33.27,-37.820,0
69.04,-40.220,1
48.950,-22.580,0
19.34,-24.23,0
41.350,-20.04,1
33.960,-5.79,0
13.110,-4.100,1
99.25,-53.37,0
45.840,-18.33,1
13.730,-6.15,1
25.080,-19.56,0
6.97,-7.22,0
17.31,-5.430,1
4.55,-5.11,1
6.35,-7.70,0
47.420,-36.16,1
1.84,-2.00,0
5.61,-5.72,1
8.08,-6.08,1
143.230,-25.320,1
21.75,-19.07,0
9.99,-17.54,0
53.48,-24.330,0
79.570,-83.350,0
19.08,-10.58,0
60.34,-10.44,1
12.12,-12.84,0
96.240,-65.12,1
19.88,-23.26,1
7.980,-5.20,1
22.97,-15.610,1
20.720,-17.830,1
15.84,-12.38,1
6.04,-8.89,0
11.80,-1.96,1
5.64,-9.070,0
139.040,-68.530,0
63.780,-51.85,1
44.60,-37.400,1
141.280,-31.51,1
24.660,-11.77,0
8.20,-11.06,0
10.960,-9.87,1
170.680,-65.390,1
40.110,-16.92,1
52.330,-16.20,1
9.68,-9.36,0
13.970,-50.370,0
36.530,-13.960,1
32.160,-21.410,0
56.14,-51.310,0
71.760,-23.58,1
15.78,-7.77,0
22.250,-21.660,0
51.14,-9.85,1
11.44,-8.12,1
86.310,-16.31,1
44.08,-32.070,1
56.25,-22.77,1
25.90,-8.97,1
105.940,-71.490,1
17.87,-19.28,0
8.39,-2.78,0
11.77,-5.28,0
48.230,-49.040,0
15.38,-5.67,1
131.750,-75.310,1
3.20,-13.330,0
88.30,-11.380,1
52.56,-53.390,0
27.140,-32.86,1
63.680,-61.060,0
7.04,-4.38,1
15.35,-3.13,1
3.66,-8.56,1
22.320,-3.48,1
12.45,-8.31,0
71.670,-44.36,0
26.840,-15.69,0
7.69,-3.13,1
171.000,-121.35,1
11.92,-24.40,0
26.15,-15.020,1
61.030,-65.910,0
7.18,-0.080,1
4.040,-2.040,0
84.150,-30.180,1
4.94,-3.94,0
14.39,-18.95,0
2.75,-4.26,0
5.63,-10.46,0
14.420,-13.580,1
80.950,-53.18,1
9.84,-9.280,0
47.610,-14.80,1
20.880,-9.14,0
53.860,-15.040,0
5.65,-2.83,1
84.590,-34.520,0
4.98,-7.750,1
42.880,-15.77,1
50.570,-68.190,0
139.29,-47.500,1
48.500,-30.730,1
163.990,-95.720,1
61.75,-15.930,1
6.200,-7.16,1
9.75,-6.15,0
11.18,-1.45,1
82.78,-18.52,1
9.25,-0.94,1
9.23,-2.21,1
37.63,-12.87,1
41.53,-24.27,0
21.06,-6.73,1
6.47,-5.85,1
20.86,-9.26,1
15.11,-5.54,1
4.890,-3.74,0
29.24,-15.57,0
20.080,-4.78,1
20.720,-1.44,1
4.09,-3.36,0
7.69,-2.91,0
22.73,-14.580,0
8.69,-5.54,0
89.520,-65.950,1
7.040,-3.28,1
26.23,-14.670,0
21.47,-10.730,1
47.630,-13.580,1
222.150,-72.86,1
9.41,-4.58,0
26.83,-8.28,1
84.670,-32.650,1
4.45,-7.13,0
29.130,-6.450,1
31.12,-22.890,0
32.04,-32.20,1
20.630,-8.78,1
6.36,-5.81,0
30.930,-1.44,1
11.88,-2.99,1
73.330,-66.650,0
20.61,-8.87,1
19.540,-19.710,0
97.040,-18.220,1
6.55,-20.04,0
188.970,-156.760,0
90.270,-91.930,0
89.500,-40.590,0
18.41,-7.25,1
69.75,-10.990,1
60.800,-50.240,0
15.13,-34.32,0
25.580,-37.98,0
52.05,-9.02,1
12.32,-5.410,1
21.150,-13.53,0
10.400,-24.84,0
113.860,-48.78,1
12.180,-14.58,0
7.84,-2.59,1
38.880,-14.52,0
56.29,-11.750,1
29.94,-18.46,0
7.86,-5.880,0
92.490,-73.710,0
51.75,-44.300,0
12.98,-0.25,1
7.61,-1.27,1
42.26,-26.950,1
8.75,-4.40,1
168.360,-54.270,1
73.54,-20.61,0
22.770,-14.43,0
42.990,-53.87,0
35.260,-28.69,0
2.18,-1.45,0
145.120,-74.300,1
51.400,-55.680,0
44.970,-39.66,1
11.30,-5.03,1
41.610,-9.95,1
53.680,-62.000,0
10.11,-26.39,0
8.97,-24.17,0
48.460,-31.120,0
16.23,-11.050,0
36.42,-5.68,0
11.45,-2.84,1
22.00,-4.45,1
36.42,-12.84,1
59.89,-21.820,1
27.72,-9.28,1
37.88,-31.43,0
15.08,-21.91,0
23.82,-7.96,0
3.48,-8.67,1
217.910,-156.260,1
48.99,-13.47,1
45.700,-15.92,1
5.24,-4.91,1
6.56,-3.36,0
203.340,-78.390,1
19.88,-32.82,0
10.02,-3.67,1
48.12,-24.170,1
5.18,-9.18,1
125.480,-72.620,1
9.02,-0.540,1
4.010,-1.58,1
8.55,-0.43,0
46.690,-47.81,1
33.620,-13.640,0
0.4,-5.68,0
42.75,-18.650,1
10.88,-8.370,0
24.60,-22.880,0
75.410,-26.850,1
160.840,-102.340,0
17.720,-15.13,0
125.310,-64.190,1
149.760,-113.310,1
30.92,-20.34,1
18.77,-16.780,0
120.240,-39.700,1
34.48,-4.36,1
7.80,-18.00,0
9.56,-14.19,0
32.36,-26.83,1
23.460,-22.330,0
18.070,-18.50,0
15.71,-1.84,1
15.27,-14.89,0
25.180,-13.89,0
14.19,-9.57,0
24.88,-15.97,0
18.81,-9.64,0
9.920,-12.50,1
13.73,-21.340,0
167.830,-80.220,1
7.71,-2.05,1
90.580,-65.830,1
103.020,-28.830,1
25.79,-13.080,1
287.330,-100.990,1
19.53,-31.20,0
16.550,-11.08,1
34.43,-14.07,0
25.010,-0.67,1
38.700,-38.960,0
23.70,-13.50,1
10.92,-0.190,1
78.470,-42.160,1
4.24,-1.05,1
19.13,-14.37,1
6.28,-2.69,1
77.53,-7.790,1
25.52,-4.76,1
60.170,-42.90,1
24.710,-10.48,1
5.21,-10.02,0
19.10,-4.41,1
7.71,-8.60,0
2.96,-5.80,1
131.230,-64.100,1
24.67,-23.55,0
15.54,-6.210,1
6.92,-12.24,0
18.91,-11.36,1
10.17,-6.93,0
53.770,-69.700,0
24.090,-8.66,1
39.840,-33.59,0
49.930,-43.700,1
19.660,-18.68,0
33.63,-18.790,0
11.17,-2.56,1
33.02,-26.600,0
4.40,-3.83,0
63.93,-57.33,0
37.27,-14.630,1
29.99,-18.120,1
149.040,-139.62,1
26.200,-14.56,1
0.570,-2.56,1
7.00,-24.210,0
60.08,-9.22,1
40.150,-5.590,1
56.31,-31.980,0
2.460,-7.550,0
82.930,-82.310,0
51.170,-49.93,0
31.71,-3.13,1
6.80,-1.50,1
3.49,-6.00,0
1.42,-2.70,0
55.58,-26.760,0
57.75,-54.420,1
9.47,-1.92,1
8.31,-0.91,1
1.49,-10.90,0
7.60,-5.380,0
11.90,-9.21,0
56.230,-26.39,1
106.320,-43.830,1
5.59,-12.26,0
11.660,-10.26,0
72.29,-18.52,1
23.90,-2.95,1
36.730,-29.57,0
39.070,-17.50,1
106.420,-74.800,0
6.91,-6.22,0
6.21,-13.07,1
27.940,-6.26,0
36.300,-17.20,1
36.630,-21.95,1
11.17,-14.59,1
26.18,-9.23,0
15.97,-7.37,0
22.130,-7.22,1
70.190,-60.930,0
14.16,-22.16,0
21.45,-66.33,0
67.71,-39.440,1
39.840,-20.560,1
12.17,-2.210,1
178.57,-82.940,0
11.38,-4.56,1
86.920,-66.560,0
66.41,-12.35,1
30.34,-7.13,0
18.79,-8.90,0
70.570,-49.030,1
44.49,-11.110,1
21.53,-0.66,1
1.360,-0.550,1
18.82,-13.54,1
7.24,-1.69,1
27.580,-7.79,1
4.91,-1.43,0
5.64,-3.37,1
27.81,-20.57,0
16.31,-5.73,1
7.200,-3.730,1
9.85,-8.52,0
25.94,-18.06,0
35.160,-49.760,0
124.03,-67.640,1
98.66,-53.130,1
53.42,-74.19,0
16.43,-9.91,1
57.64,-27.74,0
12.85,-7.690,1
30.85,-20.32,1
7.690,-0.97,1
37.00,-35.500,0
29.800,-36.840,0
3.70,-6.32,0
23.650,-32.26,0
28.630,-6.340,1
84.830,-50.69,0
6.98,-7.62,0
51.400,-12.59,0
8.72,-1.40,1
15.99,-2.220,1
26.30,-14.78,1
5.76,-4.28,0
305.060,-74.430,1
15.18,-9.03,0
29.680,-15.890,1
48.48,-35.01,0
87.770,-70.190,1
27.75,-8.56,1
33.000,-25.77,0
15.590,-12.140,0
4.61,-2.02,1
45.460,-40.940,0
5.10,-0.09,1
25.420,-27.38,1
16.35,-4.100,0
35.95,-27.67,0
66.950,-21.360,1
2.650,-13.390,0
17.16,-6.52,0
3.75,-3.32,1
12.91,-3.830,1
22.50,-28.43,0
20.71,-11.39,0
154.890,-55.920,1
15.790,-19.010,0
64.900,-83.02,0
19.11,-6.52,1
65.35,-17.26,1
4.96,-4.67,1
0.67,-1.760,1
5.98,0,1
61.61,-36.59,0
22.160,-14.01,1
0.74,-0.61,1
37.25,-19.09,1
7.22,-2.87,0
30.79,-30.27,0
30.61,-20.460,0
68.440,-70.71,0
106.42,-36.75,0
56.68,-15.490,1
26.940,-13.98,1
96.500,-76.400,1
78.480,-31.54,0
75.510,-38.140,1
17.58,-3.33,1
24.66,-10.510,1
36.57,-16.69,1
9.13,-3.520,0
2.18,-2.74,0
18.630,-5.520,1
18.04,-17.960,1
36.57,-30.93,0
1.96,-8.95,0
118.440,-75.08,0
165.75,-56.810,1
0.52,-2.75,0
9.91,-3.74,0
161.320,-143.320,0
47.280,-10.03,1
44.290,-43.080,0
98.550,-45.770,1
13.42,-1.66,0
27.830,-26.150,0
47.81,-47.280,0
22.32,-12.01,0
54.28,-38.92,0
5.81,-12.43,1
100.150,-29.420,1
17.27,-13.59,0
48.220,-21.95,0
80.85,-12.90,1
26.57,-11.59,0
10.50,-11.900,0
21.46,-9.08,1
17.98,-16.650,0
6.73,-4.19,1
25.48,-26.690,0
6.17,-3.140,0
62.140,-29.980,1
30.30,-29.67,0
9.60,-2.55,1
18.30,-5.09,1
20.66,-13.99,0
95.37,-42.36,1
17.36,-13.44,1
19.950,-8.65,1
7.47,-5.26,0
38.85,-11.11,1
15.91,-16.730,0
240.420,-129.980,0
32.540,-28.670,0
15.81,-6.990,1
26.680,-34.550,0
98.170,-84.880,0
2.85,-0.43,1
50.40,-20.610,1
6.84,-9.93,0
25.85,-19.08,0
8.05,0,1
39.69,-42.420,0
11.590,-16.52,1
2.99,-1.76,0
22.730,-8.23,0
40.05,-1.49,1
52.250,-35.060,1
17.150,-4.120,1
40.440,-47.34,0
23.970,-5.49,1
18.12,-11.34,1
18.42,-5.57,1
110.300,-23.83,1
12.77,-5.06,1
54.150,-16.39,1
19.86,-6.63,1
3.64,-10.340,0
32.95,-16.94,0
72.250,-28.780,0
20.46,-9.93,1
23.41,-4.09,1
23.86,-30.620,0
71.29,-14.580,1
13.12,-3.56,1
187.28,-83.350,0
18.01,-31.180,0
95.400,-98.200,0
31.93,-15.71,0
7.50,-9.980,0
107.76,-30.060,1
27.91,-21.94,0
58.780,-27.37,1
5.960,-0.750,1
6.10,-5.03,1
14.59,-4.64,1
12.810,-23.97,0
8.93,-7.91,1
10.43,-19.03,0
91.670,-58.910,1
43.84,-21.060,1
57.340,-14.380,1
0.48,-5.21,0
39.060,-27.230,1
24.42,-11.93,1
21.080,-16.330,0
59.870,-36.16,0
9.47,-4.840,0
31.33,-18.960,1
114.720,-41.940,1
34.96,-27.330,0
70.480,-14.320,1
7.07,-1.79,1
65.040,-46.250,1
12.54,-6.80,0
46.56,-41.12,1
15.50,-7.34,0
19.28,-21.580,0
71.00,-24.87,0
1.19,-0.94,1
12.45,-1.02,1
23.67,-11.79,1
19.040,-7.00,0
9.11,-5.13,0
42.600,-31.10,1
58.980,-15.68,1
31.45,-8.60,1
69.340,-33.000,1
201.400,-169.300,1
47.98,-28.49,0
8.27,-11.31,0
15.24,-7.63,0
24.13,-7.48,1
21.54,-17.48,0
14.060,-15.38,0
17.50,-2.38,1
43.77,-38.210,1
37.45,-29.40,1
37.520,-13.540,0
247.900,-186.940,1
1.89,-0.76,0
15.01,-12.85,0
20.73,-14.64,0
41.620,-9.87,1
33.17,-7.840,1
64.100,-16.610,1
16.73,-1.67,1
7.77,-21.19,0
112.210,-95.490,1
15.31,-14.100,0
58.430,-44.050,0
8.410,-9.06,0
12.470,-13.160,0
3.050,-1.77,1
40.970,-12.42,1
53.370,-43.920,0
19.10,-6.68,1
1.770,-1.100,1
29.69,-3.94,1
6.53,-2.04,1
35.600,-43.330,0
55.200,-23.520,0
4.66,-1.41,1
24.21,-5.950,1
40.790,-26.74,0
417.070,-259.420,0
29.220,-22.32,0
124.34,-85.610,1
3.42,-1.27,1
24.800,-22.400,0
38.04,-19.330,0
69.320,-60.870,0
32.27,-13.14,0
40.540,-52.850,0
53.700,-33.590,0
11.01,-1.42,0
3.98,-1.80,1
14.06,-0.71,1
27.11,-13.13,0
34.00,-19.860,0
67.530,-34.410,1
30.53,-16.840,0
23.680,-15.410,0
16.86,-17.12,1
9.53,-2.12,1
27.36,-41.85,0
10.61,-7.96,1
9.09,-3.580,1
16.57,-2.680,1
15.87,-8.37,1
35.450,-33.110,0
28.79,-12.540,1
59.980,-28.180,0
72.180,-41.07,1
58.89,-40.13,0
35.200,-30.57,1
31.580,-54.02,0
5.48,-3.44,0
7.09,-14.85,0
42.170,-30.720,0
49.390,-23.870,1
27.860,-34.70,1
5.61,-0.71,1
14.16,-30.20,0
8.07,-5.34,0
39.74,-42.200,0
10.78,-7.37,0
14.71,-14.90,1
28.940,-9.510,1
10.32,-2.38,1
11.59,-24.65,0
6.91,-5.88,0
35.700,-6.10,1
22.86,-25.11,0
19.99,-38.550,0
100.93,-62.760,0
9.98,-5.07,0
23.72,-5.24,1
10.25,-4.27,1
17.30,-3.94,1
54.32,-41.650,0
63.580,-55.190,1
6.21,-2.13,1
22.590,-14.300,0
12.09,-5.75,0
24.160,-7.310,1
8.51,-8.57,0
10.84,-11.79,0
116.840,-57.64,1
15.92,-15.44,0
19.12,-7.71,1
14.680,-8.270,0
30.27,-6.65,1
16.430,-5.72,0
4.66,-17.43,1
40.54,-29.19,0
54.320,-22.680,1
8.24,-7.230,0
29.17,-11.950,1
14.190,-9.82,1
171.03,-63.390,1
4.40,-2.86,1
38.36,-30.010,1
38.90,-15.13,0
22.90,-21.310,0
22.41,-31.98,0
80.430,-50.660,0
3.23,-3.02,1
57.400,-45.340,0
3.15,-4.59,1
37.090,-22.720,0
7.55,-4.61,1
15.29,-24.360,0
6.590,-17.06,0
39.40,-12.80,1
95.060,-27.50,1
15.07,-18.26,0
52.30,-12.080,1
24.41,-52.100,0
2.63,-4.920,0
16.070,-3.52,1
98.800,-35.470,1
48.650,-28.960,1
7.78,-3.450,1
132.13,-25.83,1
10.21,-3.780,0
14.60,-14.640,0
94.250,-58.180,0
29.710,-13.870,1
56.56,-28.520,1
31.490,-20.52,1
107.560,-35.74,1
27.91,-26.43,0
19.85,-1.89,1
9.150,-14.470,0
30.95,-15.230,1
96.890,-61.410,0
28.85,-34.710,0
3.34,-0.76,1
34.040,-42.000,1
13.50,-47.63,0
30.75,-22.880,0
44.240,-13.830,1
10.37,-10.92,0
86.280,-15.850,1
5.88,-2.42,0
8.21,-2.15,1
80.27,-23.51,1
20.020,-6.41,1
52.27,-12.29,1
0.86,-0.18,0
32.020,-14.04,1
3.33,-4.79,0
76.500,-27.520,1
59.50,-22.430,1
75.97,-56.07,1
84.740,-24.730,1
5.45,-1.96,0
108.11,-53.67,1
11.06,-27.14,0
10.72,-0.34,1
25.32,-8.61,1
34.040,-7.47,1
40.10,-17.990,1
13.32,-4.56,0
85.330,-39.16,0
47.920,-14.11,1
7.18,-1.38,1
19.11,-10.49,1
4.18,-1.75,1
19.52,-7.66,1
80.350,-20.06,1
21.65,-12.270,0
7.80,-2.85,0
27.690,-9.82,1
11.170,-5.000,0
5.13,-14.050,0
136.01,-43.360,1
32.300,-42.39,0
8.29,-2.96,0
121.93,-13.010,1
4.82,-2.40,1
137.45,-71.200,1
13.60,-7.21,0
65.560,-13.65,1
82.000,-61.580,0
13.74,-19.460,0
11.400,-3.74,0
23.08,-24.640,0
6.65,-6.35,0
18.150,-19.420,0
47.50,-16.400,1
39.33,-38.91,0
37.74,-6.75,1
9.000,-10.01,0
29.72,-17.55,0
54.630,-50.880,0
25.95,-7.300,1
22.80,-3.09,1
125.43,-88.770,1
46.540,-49.730,0
173.330,-33.520,0
25.30,-1.73,1
104.670,-91.050,0
33.490,-8.650,1
6.53,-5.01,1
31.21,-19.47,0
50.48,-20.260,1
36.980,-34.690,0
5.41,-13.210,0
27.81,-16.86,1
4.42,-10.54,0
13.67,-5.12,0
70.750,-63.390,1
187.520,-197.150,0
4.69,-4.79,1
36.20,-30.35,1
15.17,-12.97,0
7.77,-5.48,0
50.55,-16.360,1
33.540,-54.34,0
134.40,-40.710,1
35.97,-23.120,1
17.10,-6.13,1
76.80,-42.760,1
100.620,-86.120,1
36.690,-12.93,1
31.470,-36.68,0
38.640,-26.000,1
8.23,-5.87,1
21.770,-20.83,0
15.13,-6.69,1
3.91,-3.93,1
0.45,0,0
23.820,-32.960,0
22.350,-14.700,1
20.990,-18.76,1
25.04,-10.20,0
14.33,-8.63,1
22.06,-10.40,0
6.09,-3.90,1
19.74,-16.25,0
9.10,-6.83,0
33.76,-25.55,1
41.88,-23.220,0
26.95,-11.560,1
11.63,-24.13,0
26.64,-19.800,0
10.38,-10.65,0
5.18,-5.64,0
45.200,-8.730,1
44.84,-20.89,0
18.430,-8.74,1
64.59,-24.410,1
55.290,-29.48,0
71.97,-17.49,1
14.750,-5.59,0
12.56,-2.76,1
30.37,-8.27,1
15.140,-15.360,0
1.39,-1.33,1
1.15,-2.03,0
52.390,-35.690,0
74.390,-63.960,0
10.54,-3.93,1
68.820,-28.360,1
29.33,-10.75,0
9.72,-1.04,1
53.440,-22.420,0
27.61,-14.980,0
25.240,-27.80,1
106.97,-66.920,1
259.810,-143.610,1
96.050,-21.150,1
6.07,-2.51,0
60.870,-16.650,1
14.53,-7.770,0
10.62,-1.510,1
130.68,-56.38,1
24.910,-21.140,1
9.45,-12.87,0
8.59,-6.760,0
24.66,-6.04,1
76.16,-55.03,0
144.980,-143.290,0
12.140,-26.220,1
11.62,-11.05,0
6.83,-9.23,1
29.94,-28.88,0
14.03,-3.680,0
43.41,-12.490,1
43.730,-37.86,0
23.38,-15.90,0
10.06,-20.120,0
20.080,-14.93,1
62.03,-25.49,1
82.120,-34.580,1
83.43,-31.29,0
70.560,-45.950,1
51.300,-55.28,0
49.100,-26.74,0
118.860,-43.050,1
10.13,-5.19,1
14.02,-1.90,1
141.34,-42.400,1
0.37,-0.91,1
25.43,-15.80,0
37.84,-35.480,0
102.270,-47.79,0
14.65,-8.39,0
52.58,-57.11,0
0,-1.05,1
34.43,-20.05,0
51.620,-15.380,1
17.59,-17.52,1
32.03,-13.630,1
111.83,-30.40,1
49.63,-33.780,0
2.75,-7.16,0
7.09,-2.93,1
3.74,-13.35,0
36.060,-78.000,0
14.47,-20.73,0
31.99,-10.48,1
14.79,-13.360,1
17.27,-7.63,1
31.36,-12.04,1
110.320,-56.940,1
1.12,-0.95,1
9.86,-7.42,1
6.57,-5.99,0
9.44,-12.18,0
22.33,-1.34,1
49.340,-56.680,0
6.09,-2.78,0
69.410,-59.520,0
45.50,-20.980,0
30.46,-21.27,0
37.100,-12.460,1
105.590,-46.60,1
111.290,-137.350,0
18.17,-37.500,0
40.090,-20.25,1
55.840,-32.10,0
12.04,-3.07,0
9.51,-5.09,1
102.910,-44.10,1
16.00,-6.62,0
20.64,-13.870,1
45.93,-25.92,1
16.610,-13.47,1
15.52,-2.37,1
2.75,-3.07,1
12.22,-9.64,0
9.17,-5.79,0
47.64,-18.63,0
32.110,-12.98,0
34.76,-38.910,0
7.340,-17.63,0
49.660,-35.230,1
22.07,-7.67,1
98.630,-87.160,0
6.83,-0.94,1
67.23,-9.25,1
0.980,-18.32,0
1.86,-0.91,1
25.66,-10.120,0
5.17,-16.24,0
121.200,-77.710,1
28.42,-5.99,1
21.09,-5.700,1
157.820,-76.950,1
234.610,-154.130,0
89.460,-16.30,1
23.790,-21.15,1
4.04,-4.78,1
6.99,-6.50,1
48.37,-18.13,0
35.06,-8.72,1
17.45,-25.49,0
13.88,-5.13,1
16.71,-14.76,0
5.60,-10.14,0
31.83,-27.11,0
49.92,-36.140,0
18.91,-10.80,1
21.130,-3.340,1
30.43,-11.67,0
24.650,-17.30,0
59.860,-20.03,1
7.36,-9.33,1
11.91,-9.86,1
16.70,-10.37,1
21.65,-2.70,1
3.760,-3.77,1
265.200,-216.630,0
38.94,-16.85,1
60.520,-48.430,0
19.42,-9.25,0
906.610,-290.000,1
16.15,-5.680,1
1.71,-3.65,0
14.35,-10.00,1
7.35,-7.92,0
52.770,-50.590,0
3.41,-10.290,0
372.210,-230.430,1
15.09,-4.69,0
64.11,-13.03,1
35.920,-21.13,1
94.610,-68.41,0
31.970,-26.18,1
10.34,-17.56,0
6.14,-2.09,1
4.500,-1.15,1
23.15,-4.86,0
55.59,-25.570,1
96.560,-44.14,1
11.35,-2.45,1
6.560,-3.02,1
31.62,-13.890,0
12.81,-24.680,0
121.760,-63.64,1
14.46,-10.67,0
93.59,-12.05,1
73.370,-58.070,1
20.04,-18.74,0
5.99,-2.33,0
94.320,-34.09,1
48.070,-26.27,1
4.320,-20.90,0
13.36,-0.02,1
80.810,-76.930,0
94.050,-59.370,1
7.79,-3.06,1
2.82,-3.150,0
22.32,-15.69,0
49.930,-16.400,1
148.730,-58.820,1
82.13,-29.76,1
50.02,-26.570,1
23.52,-14.35,1
8.01,-3.78,1
19.71,-7.20,1
93.070,-35.62,0
34.750,-59.010,0
21.61,-15.48,0
38.41,-20.98,1
10.42,-7.85,0
26.52,-6.55,1
38.570,-32.820,1
14.48,-15.12,0
18.640,-7.220,1
4.37,-2.77,1
23.930,-46.85,0
7.75,-0.68,0
17.44,-17.280,1
11.58,-11.220,0
0.41,-7.180,0
22.84,-19.010,0
11.65,-1.73,0
223.220,-87.830,1
8.64,-7.49,1
40.30,-46.70,0
37.350,-17.97,1
8.71,-2.060,0
2.60,-18.08,0
26.040,-29.210,0
2.04,-2.96,1
13.36,-1.34,1
36.800,-34.33,0
4.77,-8.57,1
12.57,-8.330,1
25.09,-17.090,1
13.910,-9.98,1
49.120,-22.69,1
17.45,-13.47,0
41.79,-27.170,0
33.41,-16.570,1
11.69,-8.64,0
86.99,-58.680,1
13.67,-12.95,0
22.96,-18.45,0
34.54,-6.60,1
25.53,-19.80,0
24.82,-52.260,0
5.610,-17.17,0
4.460,-1.02,1
10.990,-5.35,0
23.470,-8.720,0
1.92,-4.46,0
9.77,-3.42,1
25.120,-32.740,0
10.130,-0.740,1
38.660,-32.330,0
32.55,-9.57,1
17.13,-9.82,1
21.08,-10.43,0
8.22,-9.20,0
12.87,-6.94,0
43.52,-43.61,0
71.55,-64.64,0
15.27,-1.21,1
91.92,-43.830,0
7.34,-4.68,1
58.61,-26.56,1
51.880,-19.020,1
19.28,-14.22,1
8.080,-4.47,0
6.83,-7.16,0
53.090,-34.200,0
51.07,-9.25,1
9.43,0,1
11.82,-7.10,0
11.12,-21.42,0
2.71,-5.68,0
69.86,-45.930,1
28.30,-29.20,1
104.12,-69.800,0
19.700,-9.08,1
20.02,-11.930,0
59.88,-36.960,0
26.830,-30.92,0
39.460,-22.660,1
7.33,-25.93,0
21.710,-2.58,1
36.04,-15.670,0
244.080,-147.470,1
10.41,-2.29,1
59.58,-33.69,1
26.600,-6.97,1
79.710,-35.590,1
16.48,-36.830,0
94.410,-119.930,0
22.58,-5.70,0
49.46,-28.27,0
9.14,-0.91,1
24.85,-15.12,1
92.670,-31.970,0
17.750,-22.890,0
27.720,-11.27,1
42.93,-13.75,1
11.25,-6.57,1
50.01,-26.61,0
204.29,-153.040,0
51.39,-29.470,1
36.80,-8.360,1
3.10,-1.94,1
40.66,-17.87,0
2.40,-10.05,0
69.75,-10.990,1
6.80,-11.500,0
102.400,-26.430,1
39.90,-25.420,0
94.800,-54.01,1
21.15,-18.39,0
55.86,-30.46,0
10.93,-3.93,1
72.470,-40.220,1
2.22,-2.85,1
40.58,-29.79,0
18.12,-12.72,1
32.370,-37.940,0
14.200,-4.66,1
52.79,-23.680,1
25.05,-12.99,1
40.620,-20.510,0
27.21,-15.26,0
56.19,-50.340,0
51.520,-16.180,1
8.34,-3.94,1
0.250,-8.68,0
53.780,-42.670,0
21.60,-11.630,0
10.96,-24.31,0
18.58,-47.280,0
25.010,-5.15,1
4.34,-5.870,1
17.450,-42.690,0
19.86,-6.39,0
35.77,-7.370,1
178.500,-108.030,1
41.220,-50.360,0
13.000,-6.12,0
52.730,-25.970,1
48.220,-16.810,0
15.35,-12.66,0
92.850,-48.130,0
4.83,-1.58,1
7.21,-15.92,0
159.570,-74.630,1
4.96,-5.62,0
51.740,-44.38,1
19.260,-15.29,1
23.12,-13.970,0
4.62,-11.28,1
5.49,-2.04,1
21.83,-7.17,1
20.60,-25.210,0
13.48,-10.27,1
70.72,-24.220,1
48.670,-25.31,1
64.29,-24.15,1
2.78,-7.94,0
23.72,-11.25,0
27.31,-22.460,0
49.02,-20.50,1
105.420,-71.790,0
58.590,-26.800,1
35.53,-36.900,0
2.64,-5.78,0
25.97,-30.43,0
131.23,-55.710,1
31.84,-10.010,1
11.71,-6.790,0
64.360,-66.71,0
396.570,-179.950,1
20.93,-16.56,0
11.050,-7.45,0
18.890,-14.58,1
19.77,-12.86,1
27.30,-15.21,0
14.72,-14.56,1
7.85,-4.60,0
20.110,-13.79,1
3.54,-8.17,0
5.83,-2.09,1
30.470,-45.43,0
20.89,-5.94,0
21.68,-12.06,0
1.03,-3.50,0
24.28,-9.32,1
34.74,-12.48,1
14.300,-2.89,1
4.47,-3.03,1
